"","term","contrast","null.value","estimate","conf.low","conf.high","adj.p.value"
"1","LabID","#2-#1",0,0.0834395833333333,0.0416433967059916,0.125235769960675,1.40625260147687e-06
"2","LabID","#3-#1",0,0.0880158333333334,0.0519920508591015,0.124039615807565,2.69767086447104e-09
"3","LabID","#5-#1",0,0.262001067708333,0.220204881080992,0.303797254335675,6.10622663543836e-15
"4","LabID","#6-#1",0,0.0778083333333333,0.0360121467059915,0.119604519960675,7.93309861746305e-06
"5","LabID","#3-#2",0,0.00457625000000006,-0.0360081946440787,0.0451606946440788,0.997947682852508
"6","LabID","#5-#2",0,0.178561484375,0.132776055908018,0.224346912841982,4.05231403988182e-14
"7","LabID","#6-#2",0,-0.00563125000000009,-0.0514166784669818,0.0401541784669816,0.997120137632323
"8","LabID","#5-#3",0,0.173985234375,0.133400789730921,0.214569679019079,1.29896093881143e-14
"9","LabID","#6-#3",0,-0.0102075000000001,-0.0507919446440789,0.0303769446440786,0.957554392993432
"10","LabID","#6-#5",0,-0.184192734375,-0.229978162841982,-0.138407305908018,3.07531777821168e-14
"11","Analyte","NDEA-NDBA",0,-0.0729917999999999,-0.13065586612391,-0.0153277338760902,0.00362198318431817
"12","Analyte","NDMA-NDBA",0,-0.0857530000000001,-0.14341706612391,-0.0280889338760904,0.000258773104646282
"13","Analyte","NDPA-NDBA",0,-0.0663509999999998,-0.12401506612391,-0.00868693387609011,0.0122422123972341
"14","Analyte","NMEA-NDBA",0,-0.0662144000000002,-0.12387846612391,-0.00855033387609051,0.0125373011001978
"15","Analyte","NMOR-NDBA",0,0.0736871,0.0160230338760903,0.13135116612391,0.00316761551709743
"16","Analyte","NPIP-NDBA",0,0.0140832999999999,-0.0435807661239098,0.0717473661239096,0.995223956309823
"17","Analyte","NPYR-NDBA",0,0.0379304999999998,-0.01973356612391,0.0955945661239095,0.47155517166158
"18","Analyte","NDMA-NDEA",0,-0.0127612000000001,-0.0704252661239099,0.0449028661239096,0.99742165880107
"19","Analyte","NDPA-NDEA",0,0.00664080000000011,-0.0510232661239096,0.0643048661239098,0.999965766252533
"20","Analyte","NMEA-NDEA",0,0.00677739999999971,-0.05088666612391,0.0644414661239094,0.999960676530693
"21","Analyte","NMOR-NDEA",0,0.1466789,0.0890148338760902,0.20434296612391,1.96008764774547e-11
"22","Analyte","NPIP-NDEA",0,0.0870750999999998,0.0294110338760901,0.14473916612391,0.000192929324723812
"23","Analyte","NPYR-NDEA",0,0.1109223,0.05325823387609,0.168586366123909,5.58618912016584e-07
"24","Analyte","NDPA-NDMA",0,0.0194020000000003,-0.0382620661239095,0.07706606612391,0.968632534337345
"25","Analyte","NMEA-NDMA",0,0.0195385999999999,-0.0381254661239099,0.0772026661239096,0.967399238880521
"26","Analyte","NMOR-NDMA",0,0.1594401,0.10177603387609,0.21710416612391,4.55746551608627e-13
"27","Analyte","NPIP-NDMA",0,0.0998363,0.0421722338760903,0.15750036612391,9.54452081025625e-06
"28","Analyte","NPYR-NDMA",0,0.1236835,0.0660194338760901,0.18134756612391,1.70553700051812e-08
"29","Analyte","NMEA-NDPA",0,0.000136599999999598,-0.0575274661239101,0.0578006661239093,1
"30","Analyte","NMOR-NDPA",0,0.1400381,0.0823740338760901,0.19770216612391,1.45979561771981e-10
"31","Analyte","NPIP-NDPA",0,0.0804342999999997,0.02277023387609,0.138098366123909,0.000812562307803799
"32","Analyte","NPYR-NDPA",0,0.1042815,0.0466174338760899,0.161945566123909,3.13085173853089e-06
"33","Analyte","NMOR-NMEA",0,0.1399015,0.0822374338760905,0.19756556612391,1.52077683779339e-10
"34","Analyte","NPIP-NMEA",0,0.0802977000000001,0.0226336338760904,0.13796176612391,0.000836121428680059
"35","Analyte","NPYR-NMEA",0,0.1041449,0.0464808338760903,0.16180896612391,3.24150902120124e-06
"36","Analyte","NPIP-NMOR",0,-0.0596038000000001,-0.11726786612391,-0.00193973387609038,0.0372436045436099
"37","Analyte","NPYR-NMOR",0,-0.0357566000000002,-0.09342066612391,0.0219074661239095,0.549854469808691
"38","Analyte","NPYR-NPIP",0,0.0238471999999998,-0.0338168661239099,0.0815112661239096,0.908473121014548
"39","LabID:Analyte","#2:NDBA-#1:NDBA",0,0.187379999999999,0.0175018239925813,0.357258176007417,0.0121579355002754
"40","LabID:Analyte","#3:NDBA-#1:NDBA",0,0.0991785714285703,-0.0472380027477734,0.245595145604914,0.768947386350878
"41","LabID:Analyte","#5:NDBA-#1:NDBA",0,0.167042499999999,-0.00283567600741863,0.336920676007417,0.0616401561565173
"42","LabID:Analyte","#6:NDBA-#1:NDBA",0,0.279949999999999,0.110071823992581,0.449828176007417,6.19416541058904e-07
"43","LabID:Analyte","#1:NDEA-#1:NDBA",0,-0.0570500000000006,-0.208993659778505,0.0948936597785033,0.999985844376995
"44","LabID:Analyte","#2:NDEA-#1:NDBA",0,0.0461074999999993,-0.123770676007418,0.215985676007417,0.99999999815891
"45","LabID:Analyte","#3:NDEA-#1:NDBA",0,0.0629385714285708,-0.0834780027477729,0.209355145604915,0.999695385564941
"46","LabID:Analyte","#5:NDEA-#1:NDBA",0,0.264111249999999,0.0942330739925814,0.433989426007417,4.15657130325986e-06
"47","LabID:Analyte","#6:NDEA-#1:NDBA",0,0.0169499999999991,-0.152928176007419,0.186828176007417,1
"48","LabID:Analyte","#1:NDMA-#1:NDBA",0,-0.146866666666668,-0.298810326445172,0.0050769931118359,0.0755560504572479
"49","LabID:Analyte","#2:NDMA-#1:NDBA",0,-0.00139750000000072,-0.171275676007418,0.168480676007417,1
"50","LabID:Analyte","#3:NDMA-#1:NDBA",0,0.0638414285714279,-0.0825751456049158,0.210258002747772,0.999590285031809
"51","LabID:Analyte","#5:NDMA-#1:NDBA",0,0.318003749999999,0.148125573992582,0.487881926007417,4.97377861119475e-09
"52","LabID:Analyte","#6:NDMA-#1:NDBA",0,0.0639499999999991,-0.105928176007419,0.233828176007417,0.999984921644286
"53","LabID:Analyte","#1:NDPA-#1:NDBA",0,-0.0339833333333341,-0.185926993111838,0.11796032644517,0.999999999996203
"54","LabID:Analyte","#2:NDPA-#1:NDBA",0,0.0885099999999994,-0.0813681760074183,0.258388176007417,0.989552880769176
"55","LabID:Analyte","#3:NDPA-#1:NDBA",0,0.0500871428571423,-0.0963294313192014,0.196503717033486,0.9999986612046
"56","LabID:Analyte","#5:NDPA-#1:NDBA",0,0.205603749999999,0.0357255739925817,0.375481926007417,0.00230037217519707
"57","LabID:Analyte","#6:NDPA-#1:NDBA",0,0.0624499999999993,-0.107428176007418,0.232328176007417,0.999991572778717
"58","LabID:Analyte","#1:NMEA-#1:NDBA",0,-0.0333000000000012,-0.185243659778505,0.118643659778503,1
"59","LabID:Analyte","#2:NMEA-#1:NDBA",0,0.061042499999999,-0.108835676007419,0.230920676007417,0.999995237041811
"60","LabID:Analyte","#3:NMEA-#1:NDBA",0,0.0326699999999991,-0.113746574176345,0.179086574176343,0.999999999996503
"61","LabID:Analyte","#5:NMEA-#1:NDBA",0,0.287879999999999,0.118001823992581,0.457758176007417,2.32966083313357e-07
"62","LabID:Analyte","#6:NMEA-#1:NDBA",0,0.0379499999999989,-0.131928176007419,0.207828176007417,0.999999999996363
"63","LabID:Analyte","#1:NMOR-#1:NDBA",0,-0.0209333333333344,-0.172876993111838,0.13101032644517,1
"64","LabID:Analyte","#2:NMOR-#1:NDBA",0,0.106534999999999,-0.0633431760074183,0.276413176007417,0.88527526670813
"65","LabID:Analyte","#3:NMOR-#1:NDBA",0,0.393018571428571,0.246601997252227,0.539435145604915,3.07198710913781e-13
"66","LabID:Analyte","#5:NMOR-#1:NDBA",0,0.371611874999999,0.201733698992581,0.541490051007417,3.897770994854e-12
"67","LabID:Analyte","#6:NMOR-#1:NDBA",0,0.133949999999999,-0.0359281760074187,0.303828176007417,0.425009360730171
"68","LabID:Analyte","#1:NPIP-#1:NDBA",0,0.181733333333332,0.0297896735548283,0.333676993111836,0.00289822036611231
"69","LabID:Analyte","#2:NPIP-#1:NDBA",0,0.160637499999999,-0.00924067600741862,0.330515676007417,0.0966735683090717
"70","LabID:Analyte","#3:NPIP-#1:NDBA",0,0.0270871428571421,-0.119329431319202,0.173503717033486,1
"71","LabID:Analyte","#5:NPIP-#1:NDBA",0,0.316365624999999,0.146487448992582,0.486243801007417,6.16119855134656e-09
"72","LabID:Analyte","#6:NPIP-#1:NDBA",0,0.0989499999999993,-0.0709281760074184,0.268828176007417,0.950124739065557
"73","LabID:Analyte","#1:NPYR-#1:NDBA",0,0.240033333333332,0.0880896735548283,0.391976993111836,2.50973957627298e-06
"74","LabID:Analyte","#2:NPYR-#1:NDBA",0,0.148334999999999,-0.0215431760074187,0.318213176007417,0.208297044954631
"75","LabID:Analyte","#3:NPYR-#1:NDBA",0,0.104938571428571,-0.0414780027477732,0.251355145604914,0.652647932726833
"76","LabID:Analyte","#5:NPYR-#1:NDBA",0,0.295023124999999,0.125144948992581,0.464901301007417,9.52914059881849e-08
"77","LabID:Analyte","#6:NPYR-#1:NDBA",0,0.0579499999999993,-0.111928176007418,0.227828176007417,0.999998756731299
"78","LabID:Analyte","#3:NDBA-#2:NDBA",0,-0.0882014285714287,-0.253154549579363,0.0767516924365056,0.984473627351577
"79","LabID:Analyte","#5:NDBA-#2:NDBA",0,-0.0203374999999999,-0.206429718054191,0.165754718054191,1
"80","LabID:Analyte","#6:NDBA-#2:NDBA",0,0.09257,-0.0935222180541912,0.278662218054191,0.995096260791132
"81","LabID:Analyte","#1:NDEA-#2:NDBA",0,-0.24443,-0.414308176007417,-0.0745518239925819,3.9943492397998e-05
"82","LabID:Analyte","#2:NDEA-#2:NDBA",0,-0.1412725,-0.327364718054191,0.0448197180541915,0.516841716544012
"83","LabID:Analyte","#3:NDEA-#2:NDBA",0,-0.124441428571428,-0.289394549579362,0.0405116924365062,0.532065197215754
"84","LabID:Analyte","#5:NDEA-#2:NDBA",0,0.0767312500000001,-0.109360968054191,0.262823468054191,0.999875716972986
"85","LabID:Analyte","#6:NDEA-#2:NDBA",0,-0.17043,-0.356522218054191,0.0156622180541914,0.134696413263899
"86","LabID:Analyte","#1:NDMA-#2:NDBA",0,-0.334246666666667,-0.504124842674085,-0.164368490659249,5.79565617719879e-10
"87","LabID:Analyte","#2:NDMA-#2:NDBA",0,-0.1887775,-0.374869718054191,-0.0026852819458085,0.0415280707801324
"88","LabID:Analyte","#3:NDMA-#2:NDBA",0,-0.123538571428571,-0.288491692436505,0.0414145495793632,0.549668660840597
"89","LabID:Analyte","#5:NDMA-#2:NDBA",0,0.13062375,-0.0554684680541907,0.316715968054192,0.698179898246512
"90","LabID:Analyte","#6:NDMA-#2:NDBA",0,-0.12343,-0.309522218054191,0.0626622180541913,0.805903033844583
"91","LabID:Analyte","#1:NDPA-#2:NDBA",0,-0.221363333333333,-0.391241509340751,-0.0514851573259154,0.000478057225501871
"92","LabID:Analyte","#2:NDPA-#2:NDBA",0,-0.0988699999999996,-0.284962218054191,0.0872222180541916,0.985894066719522
"93","LabID:Analyte","#3:NDPA-#2:NDBA",0,-0.137292857142857,-0.302245978150791,0.0276602638650776,0.301802886808473
"94","LabID:Analyte","#5:NDPA-#2:NDBA",0,0.0182237500000004,-0.167868468054191,0.204315968054192,1
"95","LabID:Analyte","#6:NDPA-#2:NDBA",0,-0.12493,-0.311022218054191,0.0611622180541916,0.785145397661831
"96","LabID:Analyte","#1:NMEA-#2:NDBA",0,-0.22068,-0.390558176007418,-0.0508018239925825,0.000512914350139226
"97","LabID:Analyte","#2:NMEA-#2:NDBA",0,-0.1263375,-0.312429718054191,0.0597547180541912,0.764774630650097
"98","LabID:Analyte","#3:NMEA-#2:NDBA",0,-0.15471,-0.319663121007934,0.0102431210079344,0.105553145389153
"99","LabID:Analyte","#5:NMEA-#2:NDBA",0,0.1005,-0.0855922180541912,0.286592218054191,0.982017395036907
"100","LabID:Analyte","#6:NMEA-#2:NDBA",0,-0.14943,-0.335522218054191,0.0366622180541911,0.382025956011203
"101","LabID:Analyte","#1:NMOR-#2:NDBA",0,-0.208313333333333,-0.378191509340751,-0.0384351573259156,0.00177004748803578
"102","LabID:Analyte","#2:NMOR-#2:NDBA",0,-0.0808449999999996,-0.266937218054191,0.105247218054192,0.999620102849231
"103","LabID:Analyte","#3:NMOR-#2:NDBA",0,0.205638571428572,0.0406854504206377,0.370591692436506,0.00125966581975911
"104","LabID:Analyte","#5:NMOR-#2:NDBA",0,0.184231875,-0.00186034305419117,0.370324093054191,0.0567174619183211
"105","LabID:Analyte","#6:NMOR-#2:NDBA",0,-0.05343,-0.239522218054191,0.132662218054191,0.999999990062108
"106","LabID:Analyte","#1:NPIP-#2:NDBA",0,-0.0056466666666668,-0.175524842674085,0.164231509340751,1
"107","LabID:Analyte","#2:NPIP-#2:NDBA",0,-0.0267424999999999,-0.212834718054191,0.159349718054191,1
"108","LabID:Analyte","#3:NPIP-#2:NDBA",0,-0.160292857142857,-0.325245978150791,0.0046602638650774,0.0710015789200847
"109","LabID:Analyte","#5:NPIP-#2:NDBA",0,0.128985625,-0.0571065930541909,0.315077843054192,0.724357436991247
"110","LabID:Analyte","#6:NPIP-#2:NDBA",0,-0.0884299999999997,-0.274522218054191,0.0976622180541915,0.997812956151888
"111","LabID:Analyte","#1:NPYR-#2:NDBA",0,0.0526533333333332,-0.117224842674085,0.222531509340751,0.999999909351265
"112","LabID:Analyte","#2:NPYR-#2:NDBA",0,-0.039045,-0.225137218054191,0.147047218054191,1
"113","LabID:Analyte","#3:NPYR-#2:NDBA",0,-0.0824414285714284,-0.247394549579363,0.0825116924365059,0.994689733054541
"114","LabID:Analyte","#5:NPYR-#2:NDBA",0,0.107643125,-0.0784490930541911,0.293735343054191,0.954268512775509
"115","LabID:Analyte","#6:NPYR-#2:NDBA",0,-0.12943,-0.315522218054191,0.0566622180541915,0.717336719526428
"116","LabID:Analyte","#5:NDBA-#3:NDBA",0,0.0678639285714288,-0.0970891924365055,0.232817049579363,0.999881672788417
"117","LabID:Analyte","#6:NDBA-#3:NDBA",0,0.180771428571429,0.0158183075634944,0.345724549579363,0.013492224038376
"118","LabID:Analyte","#1:NDEA-#3:NDBA",0,-0.156228571428571,-0.302645145604915,-0.00981199725222717,0.0203852754470856
"119","LabID:Analyte","#2:NDEA-#3:NDBA",0,-0.053071071428571,-0.218024192436505,0.111882049579363,0.999999743398829
"120","LabID:Analyte","#3:NDEA-#3:NDBA",0,-0.0362399999999995,-0.176912494255941,0.104432494255942,0.999999999630691
"121","LabID:Analyte","#5:NDEA-#3:NDBA",0,0.164932678571429,-2.04424365055078e-05,0.329885799579363,0.0500788461123146
"122","LabID:Analyte","#6:NDEA-#3:NDBA",0,-0.0822285714285712,-0.247181692436506,0.0827245495793631,0.994916758557275
"123","LabID:Analyte","#1:NDMA-#3:NDBA",0,-0.246045238095238,-0.392461812271582,-0.0996286639188946,3.1406147493751e-07
"124","LabID:Analyte","#2:NDMA-#3:NDBA",0,-0.100576071428571,-0.265529192436505,0.0643770495793632,0.91487430555198
"125","LabID:Analyte","#3:NDMA-#3:NDBA",0,-0.0353371428571424,-0.176009637113084,0.105335351398799,0.999999999832548
"126","LabID:Analyte","#5:NDMA-#3:NDBA",0,0.218825178571429,0.0538720575634948,0.383778299579363,0.000315573291319482
"127","LabID:Analyte","#6:NDMA-#3:NDBA",0,-0.0352285714285713,-0.200181692436506,0.129724549579363,1
"128","LabID:Analyte","#1:NDPA-#3:NDBA",0,-0.133161904761904,-0.279578478938248,0.0132546694144393,0.144181915751031
"129","LabID:Analyte","#2:NDPA-#3:NDBA",0,-0.0106685714285709,-0.175621692436505,0.154284549579363,1
"130","LabID:Analyte","#3:NDPA-#3:NDBA",0,-0.049091428571428,-0.189763922827369,0.0915810656845131,0.999997746448863
"131","LabID:Analyte","#5:NDPA-#3:NDBA",0,0.106425178571429,-0.0585279424365052,0.271378299579363,0.848558678084809
"132","LabID:Analyte","#6:NDPA-#3:NDBA",0,-0.036728571428571,-0.201681692436505,0.128224549579363,0.999999999996737
"133","LabID:Analyte","#1:NMEA-#3:NDBA",0,-0.132478571428572,-0.278895145604915,0.0139380027477722,0.151461307280067
"134","LabID:Analyte","#2:NMEA-#3:NDBA",0,-0.0381360714285713,-0.203089192436506,0.126817049579363,0.999999999988426
"135","LabID:Analyte","#3:NMEA-#3:NDBA",0,-0.0665085714285713,-0.207181065684512,0.0741639228273699,0.998007464605277
"136","LabID:Analyte","#5:NMEA-#3:NDBA",0,0.188701428571429,0.0237483075634944,0.353654549579363,0.00657715400620063
"137","LabID:Analyte","#6:NMEA-#3:NDBA",0,-0.0612285714285714,-0.226181692436506,0.103724549579363,0.999989302817138
"138","LabID:Analyte","#1:NMOR-#3:NDBA",0,-0.120111904761905,-0.266528478938248,0.0263046694144391,0.333335260405031
"139","LabID:Analyte","#2:NMOR-#3:NDBA",0,0.00735642857142904,-0.157596692436505,0.172309549579363,1
"140","LabID:Analyte","#3:NMOR-#3:NDBA",0,0.293840000000001,0.15316750574406,0.434512494255942,3.59238194747036e-11
"141","LabID:Analyte","#5:NMOR-#3:NDBA",0,0.272433303571429,0.107480182563494,0.437386424579363,5.74333047009823e-07
"142","LabID:Analyte","#6:NMOR-#3:NDBA",0,0.0347714285714287,-0.130181692436506,0.199724549579363,1
"143","LabID:Analyte","#1:NPIP-#3:NDBA",0,0.0825547619047619,-0.0638618122715819,0.228971336081106,0.967165498481033
"144","LabID:Analyte","#2:NPIP-#3:NDBA",0,0.0614589285714288,-0.103494192436506,0.226412049579363,0.999988271097634
"145","LabID:Analyte","#3:NPIP-#3:NDBA",0,-0.0720914285714283,-0.212763922827369,0.0685810656845129,0.991968006165329
"146","LabID:Analyte","#5:NPIP-#3:NDBA",0,0.217187053571429,0.0522339325634947,0.382140174579363,0.000376365377932064
"147","LabID:Analyte","#6:NPIP-#3:NDBA",0,-0.000228571428571023,-0.165181692436505,0.164724549579363,1
"148","LabID:Analyte","#1:NPYR-#3:NDBA",0,0.140854761904762,-0.0055618122715819,0.287271336081106,0.0797940976443324
"149","LabID:Analyte","#2:NPYR-#3:NDBA",0,0.0491564285714287,-0.115796692436506,0.214109549579363,0.99999997050877
"150","LabID:Analyte","#3:NPYR-#3:NDBA",0,0.00576000000000021,-0.134912494255941,0.146432494255941,1
"151","LabID:Analyte","#5:NPYR-#3:NDBA",0,0.195844553571429,0.0308914325634944,0.360797674579363,0.00333713837251637
"152","LabID:Analyte","#6:NPYR-#3:NDBA",0,-0.0412285714285711,-0.206181692436505,0.123724549579363,0.999999999857134
"153","LabID:Analyte","#6:NDBA-#5:NDBA",0,0.1129075,-0.0731847180541913,0.298999718054191,0.919400518606201
"154","LabID:Analyte","#1:NDEA-#5:NDBA",0,-0.2240925,-0.393970676007417,-0.054214323992582,0.000360222905528063
"155","LabID:Analyte","#2:NDEA-#5:NDBA",0,-0.120935,-0.307027218054191,0.0651572180541914,0.838065106622034
"156","LabID:Analyte","#3:NDEA-#5:NDBA",0,-0.104103928571428,-0.269057049579363,0.060849192436506,0.877692634846914
"157","LabID:Analyte","#5:NDEA-#5:NDBA",0,0.09706875,-0.0890234680541912,0.283160968054191,0.98936436789639
"158","LabID:Analyte","#6:NDEA-#5:NDBA",0,-0.1500925,-0.336184718054191,0.0359997180541912,0.371770245472514
"159","LabID:Analyte","#1:NDMA-#5:NDBA",0,-0.313909166666667,-0.483787342674085,-0.144030990659249,8.48517955898132e-09
"160","LabID:Analyte","#2:NDMA-#5:NDBA",0,-0.16844,-0.354532218054191,0.0176522180541914,0.150926741870303
"161","LabID:Analyte","#3:NDMA-#5:NDBA",0,-0.103201071428571,-0.268154192436505,0.0617520495793631,0.888027372604588
"162","LabID:Analyte","#5:NDMA-#5:NDBA",0,0.15096125,-0.0351309680541908,0.337053468054192,0.358524853603566
"163","LabID:Analyte","#6:NDMA-#5:NDBA",0,-0.1030925,-0.289184718054191,0.0829997180541912,0.974160597697855
"164","LabID:Analyte","#1:NDPA-#5:NDBA",0,-0.201025833333333,-0.370904009340751,-0.0311476573259155,0.00355269198367558
"165","LabID:Analyte","#2:NDPA-#5:NDBA",0,-0.0785324999999997,-0.264624718054191,0.107559718054192,0.999794052774048
"166","LabID:Analyte","#3:NDPA-#5:NDBA",0,-0.116955357142857,-0.281908478150791,0.0479977638650775,0.676551616668388
"167","LabID:Analyte","#5:NDPA-#5:NDBA",0,0.0385612500000003,-0.147530968054191,0.224653468054192,1
"168","LabID:Analyte","#6:NDPA-#5:NDBA",0,-0.1045925,-0.290684718054191,0.0814997180541915,0.968531940130316
"169","LabID:Analyte","#1:NMEA-#5:NDBA",0,-0.2003425,-0.370220676007418,-0.0304643239925826,0.00378740798709221
"170","LabID:Analyte","#2:NMEA-#5:NDBA",0,-0.106,-0.292092218054191,0.0800922180541911,0.962444145366876
"171","LabID:Analyte","#3:NMEA-#5:NDBA",0,-0.1343725,-0.299325621007934,0.0305806210079343,0.349048926965507
"172","LabID:Analyte","#5:NMEA-#5:NDBA",0,0.1208375,-0.0652547180541913,0.306929718054191,0.839258911199698
"173","LabID:Analyte","#6:NMEA-#5:NDBA",0,-0.1290925,-0.315184718054191,0.056999718054191,0.722674671620281
"174","LabID:Analyte","#1:NMOR-#5:NDBA",0,-0.187975833333333,-0.357854009340751,-0.0180976573259157,0.0115471510176571
"175","LabID:Analyte","#2:NMOR-#5:NDBA",0,-0.0605074999999997,-0.246599718054191,0.125584718054191,0.999999657240901
"176","LabID:Analyte","#3:NMOR-#5:NDBA",0,0.225976071428572,0.0610229504206376,0.390929192436506,0.000144348630373159
"177","LabID:Analyte","#5:NMOR-#5:NDBA",0,0.204569375,0.0184771569458087,0.390661593054191,0.0128410310542106
"178","LabID:Analyte","#6:NMOR-#5:NDBA",0,-0.0330925000000001,-0.219184718054191,0.152999718054191,1
"179","LabID:Analyte","#1:NPIP-#5:NDBA",0,0.0146908333333331,-0.155187342674085,0.184569009340751,1
"180","LabID:Analyte","#2:NPIP-#5:NDBA",0,-0.00640499999999999,-0.192497218054191,0.179687218054191,1
"181","LabID:Analyte","#3:NPIP-#5:NDBA",0,-0.139955357142857,-0.304908478150791,0.0249977638650773,0.262187285088212
"182","LabID:Analyte","#5:NPIP-#5:NDBA",0,0.149323125,-0.036769093054191,0.335415343054191,0.38369257432008
"183","LabID:Analyte","#6:NPIP-#5:NDBA",0,-0.0680924999999998,-0.254184718054191,0.117999718054191,0.999992493584247
"184","LabID:Analyte","#1:NPYR-#5:NDBA",0,0.0729908333333331,-0.0968873426740846,0.242869009340751,0.999698257895979
"185","LabID:Analyte","#2:NPYR-#5:NDBA",0,-0.0187075000000001,-0.204799718054191,0.167384718054191,1
"186","LabID:Analyte","#3:NPYR-#5:NDBA",0,-0.0621039285714285,-0.227057049579363,0.102849192436506,0.999984874796456
"187","LabID:Analyte","#5:NPYR-#5:NDBA",0,0.127980625,-0.0581115930541913,0.314072843054191,0.739994591805695
"188","LabID:Analyte","#6:NPYR-#5:NDBA",0,-0.1090925,-0.295184718054191,0.0769997180541914,0.946034940312207
"189","LabID:Analyte","#1:NDEA-#6:NDBA",0,-0.337,-0.506878176007417,-0.167121823992582,4.00784183618441e-10
"190","LabID:Analyte","#2:NDEA-#6:NDBA",0,-0.2338425,-0.419934718054191,-0.0477502819458085,0.00106500833724466
"191","LabID:Analyte","#3:NDEA-#6:NDBA",0,-0.217011428571428,-0.381964549579362,-0.0520583075634939,0.000383515225692355
"192","LabID:Analyte","#5:NDEA-#6:NDBA",0,-0.0158387499999999,-0.201930968054191,0.170253468054191,1
"193","LabID:Analyte","#6:NDEA-#6:NDBA",0,-0.263,-0.449092218054191,-0.0769077819458087,6.47143338743383e-05
"194","LabID:Analyte","#1:NDMA-#6:NDBA",0,-0.426816666666667,-0.596694842674085,-0.256938490659249,3.58491014651463e-13
"195","LabID:Analyte","#2:NDMA-#6:NDBA",0,-0.2813475,-0.467439718054191,-0.0952552819458085,9.73219407118808e-06
"196","LabID:Analyte","#3:NDMA-#6:NDBA",0,-0.216108571428571,-0.381061692436505,-0.0511554504206368,0.000422383255295533
"197","LabID:Analyte","#5:NDMA-#6:NDBA",0,0.0380537500000004,-0.148038468054191,0.224145968054192,1
"198","LabID:Analyte","#6:NDMA-#6:NDBA",0,-0.216,-0.402092218054191,-0.0299077819458088,0.00507648236286817
"199","LabID:Analyte","#1:NDPA-#6:NDBA",0,-0.313933333333333,-0.483811509340751,-0.144055157325915,8.45855430142706e-09
"200","LabID:Analyte","#2:NDPA-#6:NDBA",0,-0.19144,-0.377532218054191,-0.0053477819458084,0.0344014011319786
"201","LabID:Analyte","#3:NDPA-#6:NDBA",0,-0.229862857142857,-0.394815978150791,-0.0649097361349224,9.35479940739059e-05
"202","LabID:Analyte","#5:NDPA-#6:NDBA",0,-0.0743462499999996,-0.260438468054191,0.111745968054192,0.999938829850334
"203","LabID:Analyte","#6:NDPA-#6:NDBA",0,-0.2175,-0.403592218054191,-0.0314077819458085,0.00447459692774765
"204","LabID:Analyte","#1:NMEA-#6:NDBA",0,-0.31325,-0.483128176007418,-0.143371823992583,9.24423193549018e-09
"205","LabID:Analyte","#2:NMEA-#6:NDBA",0,-0.2189075,-0.404999718054191,-0.0328152819458088,0.00397135522699632
"206","LabID:Analyte","#3:NMEA-#6:NDBA",0,-0.24728,-0.412233121007934,-0.0823268789920656,1.25047703800618e-05
"207","LabID:Analyte","#5:NMEA-#6:NDBA",0,0.00792999999999999,-0.178162218054191,0.194022218054191,1
"208","LabID:Analyte","#6:NMEA-#6:NDBA",0,-0.242,-0.428092218054191,-0.0559077819458089,0.000500672268609281
"209","LabID:Analyte","#1:NMOR-#6:NDBA",0,-0.300883333333333,-0.470761509340751,-0.131005157325916,4.53647311937644e-08
"210","LabID:Analyte","#2:NMOR-#6:NDBA",0,-0.173415,-0.359507218054191,0.0126772180541916,0.112954148377387
"211","LabID:Analyte","#3:NMOR-#6:NDBA",0,0.113068571428572,-0.0518845495793623,0.278021692436506,0.74645651382049
"212","LabID:Analyte","#5:NMOR-#6:NDBA",0,0.091661875,-0.0944303430541912,0.277754093054191,0.995858607470446
"213","LabID:Analyte","#6:NMOR-#6:NDBA",0,-0.146,-0.332092218054191,0.0400922180541912,0.43704504969098
"214","LabID:Analyte","#1:NPIP-#6:NDBA",0,-0.0982166666666668,-0.268094842674085,0.0716615093407509,0.954546560451505
"215","LabID:Analyte","#2:NPIP-#6:NDBA",0,-0.1193125,-0.305404718054191,0.0667797180541913,0.857290308980391
"216","LabID:Analyte","#3:NPIP-#6:NDBA",0,-0.252862857142857,-0.417815978150791,-0.0879097361349226,6.41763433184561e-06
"217","LabID:Analyte","#5:NPIP-#6:NDBA",0,0.0364156250000003,-0.149676593054191,0.222507843054191,1
"218","LabID:Analyte","#6:NPIP-#6:NDBA",0,-0.181,-0.367092218054191,0.00509221805419149,0.0702418665371032
"219","LabID:Analyte","#1:NPYR-#6:NDBA",0,-0.0399166666666668,-0.209794842674085,0.129961509340751,0.999999999980286
"220","LabID:Analyte","#2:NPYR-#6:NDBA",0,-0.131615,-0.317707218054191,0.0544772180541912,0.681974670634294
"221","LabID:Analyte","#3:NPYR-#6:NDBA",0,-0.175011428571428,-0.339964549579363,-0.0100583075634942,0.02217989176121
"222","LabID:Analyte","#5:NPYR-#6:NDBA",0,0.015073125,-0.171019093054191,0.201165343054191,1
"223","LabID:Analyte","#6:NPYR-#6:NDBA",0,-0.222,-0.408092218054191,-0.0359077819458085,0.00304652492638824
"224","LabID:Analyte","#2:NDEA-#1:NDEA",0,0.1031575,-0.0667206760074178,0.273035676007418,0.918634039835042
"225","LabID:Analyte","#3:NDEA-#1:NDEA",0,0.119988571428571,-0.0264280027477723,0.266405145604915,0.335619796834242
"226","LabID:Analyte","#5:NDEA-#1:NDEA",0,0.32116125,0.151283073992582,0.491039426007417,3.28729543586093e-09
"227","LabID:Analyte","#6:NDEA-#1:NDEA",0,0.0739999999999997,-0.095878176007418,0.243878176007417,0.999598347210231
"228","LabID:Analyte","#1:NDMA-#1:NDEA",0,-0.0898166666666674,-0.241760326445171,0.0621269931118365,0.940350340152418
"229","LabID:Analyte","#2:NDMA-#1:NDEA",0,0.0556524999999999,-0.114225676007418,0.225530676007418,0.999999579263183
"230","LabID:Analyte","#3:NDMA-#1:NDEA",0,0.120891428571429,-0.0255251456049152,0.267308002747772,0.319093046597716
"231","LabID:Analyte","#5:NDMA-#1:NDEA",0,0.37505375,0.205175573992582,0.544931926007418,2.5445201501384e-12
"232","LabID:Analyte","#6:NDMA-#1:NDEA",0,0.121,-0.0488781760074181,0.290878176007417,0.666491188372471
"233","LabID:Analyte","#1:NDPA-#1:NDEA",0,0.0230666666666665,-0.128876993111837,0.17501032644517,1
"234","LabID:Analyte","#2:NDPA-#1:NDEA",0,0.14556,-0.0243181760074177,0.315438176007418,0.242959622142658
"235","LabID:Analyte","#3:NDPA-#1:NDEA",0,0.107137142857143,-0.0392794313192008,0.253553717033487,0.605005340840309
"236","LabID:Analyte","#5:NDPA-#1:NDEA",0,0.26265375,0.0927755739925823,0.432531926007418,4.93493025954805e-06
"237","LabID:Analyte","#6:NDPA-#1:NDEA",0,0.1195,-0.0503781760074178,0.289378176007418,0.693596557198523
"238","LabID:Analyte","#1:NMEA-#1:NDEA",0,0.0237499999999994,-0.128193659778505,0.175693659778503,1
"239","LabID:Analyte","#2:NMEA-#1:NDEA",0,0.1180925,-0.0517856760074181,0.287970676007417,0.718385754603807
"240","LabID:Analyte","#3:NMEA-#1:NDEA",0,0.0897199999999997,-0.0566965741763441,0.236136574176343,0.910101115188144
"241","LabID:Analyte","#5:NMEA-#1:NDEA",0,0.34493,0.175051823992582,0.514808176007417,1.37693079160783e-10
"242","LabID:Analyte","#6:NMEA-#1:NDEA",0,0.0949999999999995,-0.0748781760074182,0.264878176007417,0.970600000339206
"243","LabID:Analyte","#1:NMOR-#1:NDEA",0,0.0361166666666662,-0.115826993111838,0.18806032644517,0.999999999971337
"244","LabID:Analyte","#2:NMOR-#1:NDEA",0,0.163585,-0.00629317600741774,0.333463176007418,0.0789060107438893
"245","LabID:Analyte","#3:NMOR-#1:NDEA",0,0.450068571428572,0.303651997252228,0.596485145604915,2.76445533131664e-14
"246","LabID:Analyte","#5:NMOR-#1:NDEA",0,0.428661875,0.258783698992582,0.598540051007417,3.90021348550817e-13
"247","LabID:Analyte","#6:NMOR-#1:NDEA",0,0.191,0.0211218239925819,0.360878176007417,0.00886092814735451
"248","LabID:Analyte","#1:NPIP-#1:NDEA",0,0.238783333333333,0.0868396735548289,0.390726993111837,2.96383964315527e-06
"249","LabID:Analyte","#2:NPIP-#1:NDEA",0,0.2176875,0.047809323992582,0.387565676007417,0.000696451620497585
"250","LabID:Analyte","#3:NPIP-#1:NDEA",0,0.0841371428571427,-0.0622794313192011,0.230553717033486,0.957931081206256
"251","LabID:Analyte","#5:NPIP-#1:NDEA",0,0.373415625,0.203537448992582,0.543293801007418,3.10651504520365e-12
"252","LabID:Analyte","#6:NPIP-#1:NDEA",0,0.156,-0.0138781760074178,0.325878176007418,0.131150399337673
"253","LabID:Analyte","#1:NPYR-#1:NDEA",0,0.297083333333333,0.145139673554829,0.449026993111837,7.6696560213918e-10
"254","LabID:Analyte","#2:NPYR-#1:NDEA",0,0.205385,0.0355068239925819,0.375263176007417,0.00234919828396729
"255","LabID:Analyte","#3:NPYR-#1:NDEA",0,0.161988571428571,0.0155719972522274,0.308405145604915,0.0115776395451488
"256","LabID:Analyte","#5:NPYR-#1:NDEA",0,0.352073125,0.182194948992582,0.521951301007417,5.23020515785788e-11
"257","LabID:Analyte","#6:NPYR-#1:NDEA",0,0.115,-0.0548781760074178,0.284878176007418,0.770082559614869
"258","LabID:Analyte","#3:NDEA-#2:NDEA",0,0.0168310714285715,-0.148122049579363,0.181784192436506,1
"259","LabID:Analyte","#5:NDEA-#2:NDEA",0,0.21800375,0.0319115319458086,0.404095968054191,0.00428796990730851
"260","LabID:Analyte","#6:NDEA-#2:NDEA",0,-0.0291575000000002,-0.215249718054191,0.156934718054191,1
"261","LabID:Analyte","#1:NDMA-#2:NDEA",0,-0.192974166666667,-0.362852342674085,-0.0230959906592496,0.00743348424027024
"262","LabID:Analyte","#2:NDMA-#2:NDEA",0,-0.047505,-0.233597218054191,0.138587218054191,0.999999999722389
"263","LabID:Analyte","#3:NDMA-#2:NDEA",0,0.0177339285714286,-0.147219192436506,0.182687049579363,1
"264","LabID:Analyte","#5:NDMA-#2:NDEA",0,0.27189625,0.085804031945809,0.457988468054191,2.6125026682311e-05
"265","LabID:Analyte","#6:NDMA-#2:NDEA",0,0.0178424999999998,-0.168249718054191,0.203934718054191,1
"266","LabID:Analyte","#1:NDPA-#2:NDEA",0,-0.0800908333333334,-0.249969009340751,0.0897873426740843,0.99810848096139
"267","LabID:Analyte","#2:NDPA-#2:NDEA",0,0.0424025000000001,-0.143689718054191,0.228494718054191,0.99999999999286
"268","LabID:Analyte","#3:NDPA-#2:NDEA",0,0.00397964285714303,-0.160973478150791,0.168932763865077,1
"269","LabID:Analyte","#5:NDPA-#2:NDEA",0,0.15949625,-0.0265959680541911,0.345588468054191,0.242440754858766
"270","LabID:Analyte","#6:NDPA-#2:NDEA",0,0.0163425,-0.169749718054191,0.202434718054191,1
"271","LabID:Analyte","#1:NMEA-#2:NDEA",0,-0.0794075000000005,-0.249285676007418,0.0904706760074172,0.998387563058211
"272","LabID:Analyte","#2:NMEA-#2:NDEA",0,0.0149349999999997,-0.171157218054192,0.201027218054191,1
"273","LabID:Analyte","#3:NMEA-#2:NDEA",0,-0.0134375000000002,-0.178390621007935,0.151515621007934,1
"274","LabID:Analyte","#5:NMEA-#2:NDEA",0,0.2417725,0.0556802819458085,0.427864718054191,0.000511487344265205
"275","LabID:Analyte","#6:NMEA-#2:NDEA",0,-0.00815750000000037,-0.194249718054192,0.177934718054191,1
"276","LabID:Analyte","#1:NMOR-#2:NDEA",0,-0.0670408333333337,-0.236919009340751,0.102837342674084,0.999953864008158
"277","LabID:Analyte","#2:NMOR-#2:NDEA",0,0.0604275000000001,-0.125664718054191,0.246519718054191,0.99999966941817
"278","LabID:Analyte","#3:NMOR-#2:NDEA",0,0.346911071428572,0.181957950420637,0.511864192436506,2.58696397636982e-11
"279","LabID:Analyte","#5:NMOR-#2:NDEA",0,0.325504375,0.139412156945809,0.511596593054191,7.29145974709411e-08
"280","LabID:Analyte","#6:NMOR-#2:NDEA",0,0.0878424999999997,-0.0982497180541915,0.273934718054191,0.998065200966645
"281","LabID:Analyte","#1:NPIP-#2:NDEA",0,0.135625833333333,-0.0342523426740848,0.305504009340751,0.395519184334994
"282","LabID:Analyte","#2:NPIP-#2:NDEA",0,0.11453,-0.0715622180541914,0.300622218054191,0.905767285487751
"283","LabID:Analyte","#3:NPIP-#2:NDEA",0,-0.0190203571428572,-0.183973478150792,0.145932763865077,1
"284","LabID:Analyte","#5:NPIP-#2:NDEA",0,0.270258125,0.0841659069458088,0.456350343054191,3.09259989067501e-05
"285","LabID:Analyte","#6:NPIP-#2:NDEA",0,0.0528425,-0.133249718054191,0.238934718054191,0.99999999283789
"286","LabID:Analyte","#1:NPYR-#2:NDEA",0,0.193925833333333,0.0240476573259152,0.363804009340751,0.00682466731391707
"287","LabID:Analyte","#2:NPYR-#2:NDEA",0,0.1022275,-0.0838647180541915,0.288319718054191,0.977032118379126
"288","LabID:Analyte","#3:NPYR-#2:NDEA",0,0.0588310714285712,-0.106122049579363,0.223784192436506,0.999996060062897
"289","LabID:Analyte","#5:NPYR-#2:NDEA",0,0.248915625,0.0628234069458085,0.435007843054191,0.000259271422863971
"290","LabID:Analyte","#6:NPYR-#2:NDEA",0,0.0118425,-0.174249718054191,0.197934718054191,1
"291","LabID:Analyte","#5:NDEA-#3:NDEA",0,0.201172678571428,0.036219557563494,0.366125799579363,0.00197610583982222
"292","LabID:Analyte","#6:NDEA-#3:NDEA",0,-0.0459885714285717,-0.210941692436506,0.118964549579363,0.999999995858204
"293","LabID:Analyte","#1:NDMA-#3:NDEA",0,-0.209805238095239,-0.356221812271583,-0.0633886639188951,4.46898359559578e-05
"294","LabID:Analyte","#2:NDMA-#3:NDEA",0,-0.0643360714285716,-0.229289192436506,0.100617049579363,0.999964912639582
"295","LabID:Analyte","#3:NDMA-#3:NDEA",0,0.000902857142857094,-0.139769637113084,0.141575351398798,1
"296","LabID:Analyte","#5:NDMA-#3:NDEA",0,0.255065178571429,0.0901120575634943,0.420018299579363,4.91929895263254e-06
"297","LabID:Analyte","#6:NDMA-#3:NDEA",0,0.00101142857142822,-0.163941692436506,0.165964549579363,1
"298","LabID:Analyte","#1:NDPA-#3:NDEA",0,-0.096921904761905,-0.243338478938249,0.0494946694144388,0.809187191700077
"299","LabID:Analyte","#2:NDPA-#3:NDEA",0,0.0255714285714286,-0.139381692436506,0.190524549579363,1
"300","LabID:Analyte","#3:NDPA-#3:NDEA",0,-0.0128514285714285,-0.15352392282737,0.127821065684513,1
"301","LabID:Analyte","#5:NDPA-#3:NDEA",0,0.142665178571429,-0.0222879424365057,0.307618299579363,0.225455684649787
"302","LabID:Analyte","#6:NDPA-#3:NDEA",0,-0.000488571428571505,-0.165441692436506,0.164464549579363,1
"303","LabID:Analyte","#1:NMEA-#3:NDEA",0,-0.0962385714285721,-0.242655145604916,0.0501780027477717,0.820626571758319
"304","LabID:Analyte","#2:NMEA-#3:NDEA",0,-0.00189607142857184,-0.166849192436506,0.163057049579362,1
"305","LabID:Analyte","#3:NMEA-#3:NDEA",0,-0.0302685714285718,-0.170941065684513,0.110403922827369,1
"306","LabID:Analyte","#5:NMEA-#3:NDEA",0,0.224941428571428,0.0599883075634939,0.389894549579362,0.000161853353342067
"307","LabID:Analyte","#6:NMEA-#3:NDEA",0,-0.0249885714285719,-0.189941692436506,0.139964549579362,1
"308","LabID:Analyte","#1:NMOR-#3:NDEA",0,-0.0838719047619052,-0.230288478938249,0.0625446694144386,0.959599737335364
"309","LabID:Analyte","#2:NMOR-#3:NDEA",0,0.0435964285714285,-0.121356692436506,0.208549549579363,0.999999999183954
"310","LabID:Analyte","#3:NMOR-#3:NDEA",0,0.33008,0.189407505744059,0.470752494255941,4.56190640818477e-13
"311","LabID:Analyte","#5:NMOR-#3:NDEA",0,0.308673303571428,0.143720182563494,0.473626424579362,5.04871822126773e-09
"312","LabID:Analyte","#6:NMOR-#3:NDEA",0,0.0710114285714282,-0.0939416924365061,0.235964549579362,0.999685805462823
"313","LabID:Analyte","#1:NPIP-#3:NDEA",0,0.118794761904761,-0.0276218122715824,0.265211336081105,0.358158417084054
"314","LabID:Analyte","#2:NPIP-#3:NDEA",0,0.0976989285714283,-0.067254192436506,0.262652049579363,0.938936032508801
"315","LabID:Analyte","#3:NPIP-#3:NDEA",0,-0.0358514285714288,-0.17652392282737,0.104821065684512,0.99999999973631
"316","LabID:Analyte","#5:NPIP-#3:NDEA",0,0.253427053571428,0.0884739325634942,0.418380174579363,5.99592578631736e-06
"317","LabID:Analyte","#6:NPIP-#3:NDEA",0,0.0360114285714285,-0.128941692436506,0.200964549579363,1
"318","LabID:Analyte","#1:NPYR-#3:NDEA",0,0.177094761904761,0.0306781877284176,0.323511336081105,0.00232961900759943
"319","LabID:Analyte","#2:NPYR-#3:NDEA",0,0.0853964285714282,-0.0795566924365061,0.250349549579362,0.99055347068717
"320","LabID:Analyte","#3:NPYR-#3:NDEA",0,0.0419999999999997,-0.0986724942559414,0.182672494255941,0.999999968854285
"321","LabID:Analyte","#5:NPYR-#3:NDEA",0,0.232084553571428,0.0671314325634939,0.397037674579363,7.28146108375238e-05
"322","LabID:Analyte","#6:NPYR-#3:NDEA",0,-0.00498857142857156,-0.169941692436506,0.159964549579363,1
"323","LabID:Analyte","#6:NDEA-#5:NDEA",0,-0.24716125,-0.433253468054191,-0.0610690319458088,0.000306844224045033
"324","LabID:Analyte","#1:NDMA-#5:NDEA",0,-0.410977916666667,-0.580856092674085,-0.241099740659249,4.02455846426619e-13
"325","LabID:Analyte","#2:NDMA-#5:NDEA",0,-0.26550875,-0.451600968054191,-0.0794165319458086,5.02227364204133e-05
"326","LabID:Analyte","#3:NDMA-#5:NDEA",0,-0.200269821428571,-0.365222942436505,-0.0353167004206369,0.00216181938763926
"327","LabID:Analyte","#5:NDMA-#5:NDEA",0,0.0538925000000003,-0.132199718054191,0.239984718054192,0.999999987188887
"328","LabID:Analyte","#6:NDMA-#5:NDEA",0,-0.20016125,-0.386253468054191,-0.0140690319458089,0.0180590457645937
"329","LabID:Analyte","#1:NDPA-#5:NDEA",0,-0.298094583333333,-0.467972759340751,-0.128216407325916,6.46442969154393e-08
"330","LabID:Analyte","#2:NDPA-#5:NDEA",0,-0.17560125,-0.361693468054191,0.0104909680541915,0.0988949729459361
"331","LabID:Analyte","#3:NDPA-#5:NDEA",0,-0.214024107142857,-0.378977228150791,-0.0490709861349225,0.000527116984301634
"332","LabID:Analyte","#5:NDPA-#5:NDEA",0,-0.0585074999999997,-0.244599718054191,0.127584718054191,0.999999864669274
"333","LabID:Analyte","#6:NDPA-#5:NDEA",0,-0.20166125,-0.387753468054191,-0.0155690319458086,0.0160983866917452
"334","LabID:Analyte","#1:NMEA-#5:NDEA",0,-0.29741125,-0.467289426007418,-0.127533073992583,7.04861223832509e-08
"335","LabID:Analyte","#2:NMEA-#5:NDEA",0,-0.20306875,-0.389160968054191,-0.0169765319458089,0.0144375608321478
"336","LabID:Analyte","#3:NMEA-#5:NDEA",0,-0.23144125,-0.396394371007934,-0.0664881289920657,7.83087997023868e-05
"337","LabID:Analyte","#5:NMEA-#5:NDEA",0,0.0237687499999999,-0.162323468054191,0.209860968054191,1
"338","LabID:Analyte","#6:NMEA-#5:NDEA",0,-0.22616125,-0.412253468054191,-0.040069031945809,0.00211915842401889
"339","LabID:Analyte","#1:NMOR-#5:NDEA",0,-0.285044583333333,-0.454922759340751,-0.115166407325916,3.31074159753975e-07
"340","LabID:Analyte","#2:NMOR-#5:NDEA",0,-0.15757625,-0.343668468054191,0.0285159680541915,0.266175993628749
"341","LabID:Analyte","#3:NMOR-#5:NDEA",0,0.128907321428572,-0.0360457995793624,0.293860442436506,0.446510756348627
"342","LabID:Analyte","#5:NMOR-#5:NDEA",0,0.107500625,-0.0785915930541913,0.293592843054191,0.955025235507792
"343","LabID:Analyte","#6:NMOR-#5:NDEA",0,-0.13016125,-0.316253468054191,0.0559309680541911,0.705651115435492
"344","LabID:Analyte","#1:NPIP-#5:NDEA",0,-0.0823779166666669,-0.252256092674085,0.0875002593407508,0.996849657940125
"345","LabID:Analyte","#2:NPIP-#5:NDEA",0,-0.10347375,-0.289565968054191,0.0826184680541912,0.972810031867113
"346","LabID:Analyte","#3:NPIP-#5:NDEA",0,-0.237024107142857,-0.401977228150791,-0.0720709861349227,4.14392525295293e-05
"347","LabID:Analyte","#5:NPIP-#5:NDEA",0,0.0522543750000002,-0.133837843054191,0.238346593054191,0.999999994869295
"348","LabID:Analyte","#6:NPIP-#5:NDEA",0,-0.16516125,-0.351253468054191,0.0209309680541914,0.180870765600227
"349","LabID:Analyte","#1:NPYR-#5:NDEA",0,-0.0240779166666669,-0.193956092674085,0.145800259340751,1
"350","LabID:Analyte","#2:NPYR-#5:NDEA",0,-0.11577625,-0.301868468054191,0.0703159680541911,0.894330186340641
"351","LabID:Analyte","#3:NPYR-#5:NDEA",0,-0.159172678571429,-0.324125799579363,0.00578044243650572,0.0770438816327204
"352","LabID:Analyte","#5:NPYR-#5:NDEA",0,0.0309118749999999,-0.155180343054191,0.217004093054191,1
"353","LabID:Analyte","#6:NPYR-#5:NDEA",0,-0.20616125,-0.392253468054191,-0.0200690319458086,0.0113261418684024
"354","LabID:Analyte","#1:NDMA-#6:NDEA",0,-0.163816666666667,-0.333694842674085,0.00606150934075056,0.0776336938380801
"355","LabID:Analyte","#2:NDMA-#6:NDEA",0,-0.0183474999999999,-0.204439718054191,0.167744718054191,1
"356","LabID:Analyte","#3:NDMA-#6:NDEA",0,0.0468914285714288,-0.118061692436505,0.211844549579363,0.999999992599971
"357","LabID:Analyte","#5:NDMA-#6:NDEA",0,0.30105375,0.114961531945809,0.487145968054192,1.15565644298599e-06
"358","LabID:Analyte","#6:NDMA-#6:NDEA",0,0.0469999999999999,-0.139092218054191,0.233092218054191,0.999999999801492
"359","LabID:Analyte","#1:NDPA-#6:NDEA",0,-0.0509333333333333,-0.220811509340751,0.118944842674084,0.999999964841965
"360","LabID:Analyte","#2:NDPA-#6:NDEA",0,0.0715600000000003,-0.114532218054191,0.257652218054191,0.999974877214778
"361","LabID:Analyte","#3:NDPA-#6:NDEA",0,0.0331371428571432,-0.131815978150791,0.198090263865077,1
"362","LabID:Analyte","#5:NDPA-#6:NDEA",0,0.18865375,0.00256153194580908,0.374745968054191,0.0418888513310288
"363","LabID:Analyte","#6:NDPA-#6:NDEA",0,0.0455000000000002,-0.140592218054191,0.231592218054191,0.999999999928977
"364","LabID:Analyte","#1:NMEA-#6:NDEA",0,-0.0502500000000003,-0.220128176007418,0.119628176007417,0.999999976212551
"365","LabID:Analyte","#2:NMEA-#6:NDEA",0,0.0440924999999999,-0.141999718054191,0.230184718054191,0.999999999974157
"366","LabID:Analyte","#3:NMEA-#6:NDEA",0,0.01572,-0.149233121007934,0.180673121007934,1
"367","LabID:Analyte","#5:NMEA-#6:NDEA",0,0.27093,0.0848377819458087,0.457022218054191,2.88610619091356e-05
"368","LabID:Analyte","#6:NMEA-#6:NDEA",0,0.0209999999999998,-0.165092218054191,0.207092218054191,1
"369","LabID:Analyte","#1:NMOR-#6:NDEA",0,-0.0378833333333335,-0.207761509340751,0.131994842674084,0.999999999996568
"370","LabID:Analyte","#2:NMOR-#6:NDEA",0,0.0895850000000002,-0.096507218054191,0.275677218054191,0.997233564489554
"371","LabID:Analyte","#3:NMOR-#6:NDEA",0,0.376068571428572,0.211115450420638,0.541021692436506,7.66164909293821e-13
"372","LabID:Analyte","#5:NMOR-#6:NDEA",0,0.354661875,0.168569656945809,0.540754093054191,2.33437813523807e-09
"373","LabID:Analyte","#6:NMOR-#6:NDEA",0,0.117,-0.0690922180541913,0.303092218054191,0.882277810232405
"374","LabID:Analyte","#1:NPIP-#6:NDEA",0,0.164783333333333,-0.00509484267408467,0.334661509340751,0.0725094467154893
"375","LabID:Analyte","#2:NPIP-#6:NDEA",0,0.1436875,-0.0424047180541912,0.329779718054191,0.475641796403901
"376","LabID:Analyte","#3:NPIP-#6:NDEA",0,0.010137142857143,-0.154815978150791,0.175090263865077,1
"377","LabID:Analyte","#5:NPIP-#6:NDEA",0,0.299415625,0.113323406945809,0.485507843054191,1.38439392016743e-06
"378","LabID:Analyte","#6:NPIP-#6:NDEA",0,0.0820000000000002,-0.104092218054191,0.268092218054191,0.999491641763126
"379","LabID:Analyte","#1:NPYR-#6:NDEA",0,0.223083333333333,0.0532051573259154,0.392961509340751,0.000400104870349249
"380","LabID:Analyte","#2:NPYR-#6:NDEA",0,0.131385,-0.0547072180541913,0.317477218054191,0.685756996354037
"381","LabID:Analyte","#3:NPYR-#6:NDEA",0,0.0879885714285714,-0.0769645495793629,0.252941692436506,0.985023994205531
"382","LabID:Analyte","#5:NPYR-#6:NDEA",0,0.278073125,0.0919809069458087,0.464165343054191,1.37386500125292e-05
"383","LabID:Analyte","#6:NPYR-#6:NDEA",0,0.0410000000000001,-0.145092218054191,0.227092218054191,1
"384","LabID:Analyte","#2:NDMA-#1:NDMA",0,0.145469166666667,-0.0244090093407504,0.315347342674085,0.244155897459122
"385","LabID:Analyte","#3:NDMA-#1:NDMA",0,0.210708095238096,0.0642915210617522,0.35712466941444,3.97577540001137e-05
"386","LabID:Analyte","#5:NDMA-#1:NDMA",0,0.464870416666668,0.29499224065925,0.634748592674085,2.6700863742235e-13
"387","LabID:Analyte","#6:NDMA-#1:NDMA",0,0.210816666666667,0.0409384906592494,0.380694842674085,0.00138515657725469
"388","LabID:Analyte","#1:NDPA-#1:NDMA",0,0.112883333333334,-0.03906032644517,0.264826993111838,0.569003050897219
"389","LabID:Analyte","#2:NDPA-#1:NDMA",0,0.235376666666667,0.0654984906592497,0.405254842674085,0.000108347558524846
"390","LabID:Analyte","#3:NDPA-#1:NDMA",0,0.19695380952381,0.0505372353474666,0.343370383700154,0.000226311246083855
"391","LabID:Analyte","#5:NDPA-#1:NDMA",0,0.352470416666667,0.18259224065925,0.522348592674085,4.95539165257242e-11
"392","LabID:Analyte","#6:NDPA-#1:NDMA",0,0.209316666666667,0.0394384906592496,0.379194842674085,0.00160493563010244
"393","LabID:Analyte","#1:NMEA-#1:NDMA",0,0.113566666666667,-0.0383769931118371,0.265510326445171,0.554515891986574
"394","LabID:Analyte","#2:NMEA-#1:NDMA",0,0.207909166666667,0.0380309906592493,0.377787342674085,0.00184101720013785
"395","LabID:Analyte","#3:NMEA-#1:NDMA",0,0.179536666666667,0.0331200924903234,0.325953240843011,0.0017714170549249
"396","LabID:Analyte","#5:NMEA-#1:NDMA",0,0.434746666666667,0.264868490659249,0.604624842674085,3.58046925441613e-13
"397","LabID:Analyte","#6:NMEA-#1:NDMA",0,0.184816666666667,0.0149384906592492,0.354694842674085,0.0151396906173012
"398","LabID:Analyte","#1:NMOR-#1:NDMA",0,0.125933333333334,-0.0260103264451703,0.277876993111838,0.310834312479644
"399","LabID:Analyte","#2:NMOR-#1:NDMA",0,0.253401666666667,0.0835234906592497,0.423279842674085,1.44558113480686e-05
"400","LabID:Analyte","#3:NMOR-#1:NDMA",0,0.539885238095239,0.393468663918895,0.686301812271583,6.10622663543836e-15
"401","LabID:Analyte","#5:NMOR-#1:NDMA",0,0.518478541666667,0.348600365659249,0.688356717674085,3.83026943495679e-14
"402","LabID:Analyte","#6:NMOR-#1:NDMA",0,0.280816666666667,0.110938490659249,0.450694842674085,5.57062025730026e-07
"403","LabID:Analyte","#1:NPIP-#1:NDMA",0,0.3286,0.176656340221496,0.480543659778504,6.68320954133605e-12
"404","LabID:Analyte","#2:NPIP-#1:NDMA",0,0.307504166666667,0.137625990659249,0.477382342674085,1.94353860782925e-08
"405","LabID:Analyte","#3:NPIP-#1:NDMA",0,0.17395380952381,0.0275372353474664,0.320370383700154,0.00329467257799843
"406","LabID:Analyte","#5:NPIP-#1:NDMA",0,0.463232291666667,0.29335411565925,0.633110467674085,2.78110867668602e-13
"407","LabID:Analyte","#6:NPIP-#1:NDMA",0,0.245816666666667,0.0759384906592496,0.415694842674085,3.41961097806154e-05
"408","LabID:Analyte","#1:NPYR-#1:NDMA",0,0.3869,0.234956340221496,0.538843659778504,3.68594044175552e-13
"409","LabID:Analyte","#2:NPYR-#1:NDMA",0,0.295201666666667,0.125323490659249,0.465079842674085,9.31715277152634e-08
"410","LabID:Analyte","#3:NPYR-#1:NDMA",0,0.251805238095239,0.105388663918895,0.398221812271582,1.36651228332951e-07
"411","LabID:Analyte","#5:NPYR-#1:NDMA",0,0.441889791666667,0.272011615659249,0.611767967674085,3.42170736189473e-13
"412","LabID:Analyte","#6:NPYR-#1:NDMA",0,0.204816666666667,0.0349384906592496,0.374694842674085,0.00248068249289224
"413","LabID:Analyte","#3:NDMA-#2:NDMA",0,0.0652389285714287,-0.0997141924365056,0.230192049579363,0.999951486162776
"414","LabID:Analyte","#5:NDMA-#2:NDMA",0,0.31940125,0.133309031945809,0.505493468054191,1.46985735915983e-07
"415","LabID:Analyte","#6:NDMA-#2:NDMA",0,0.0653474999999998,-0.120744718054191,0.251439718054191,0.999997353049109
"416","LabID:Analyte","#1:NDPA-#2:NDMA",0,-0.0325858333333334,-0.202464009340751,0.137292342674084,1
"417","LabID:Analyte","#2:NDPA-#2:NDMA",0,0.0899075000000001,-0.0961847180541911,0.275999718054191,0.99705000824188
"418","LabID:Analyte","#3:NDPA-#2:NDMA",0,0.051484642857143,-0.113468478150791,0.216437763865077,0.999999889680475
"419","LabID:Analyte","#5:NDPA-#2:NDMA",0,0.20700125,0.0209090319458089,0.393093468054191,0.0105949135175244
"420","LabID:Analyte","#6:NDPA-#2:NDMA",0,0.0638475000000001,-0.122244718054191,0.249939718054191,0.999998553376207
"421","LabID:Analyte","#1:NMEA-#2:NDMA",0,-0.0319025000000005,-0.201780676007418,0.137975676007417,1
"422","LabID:Analyte","#2:NMEA-#2:NDMA",0,0.0624399999999997,-0.123652218054191,0.248532218054191,0.999999198428499
"423","LabID:Analyte","#3:NMEA-#2:NDMA",0,0.0340674999999998,-0.130885621007934,0.199020621007934,1
"424","LabID:Analyte","#5:NMEA-#2:NDMA",0,0.2892775,0.103185281945809,0.475369718054191,4.17536054053702e-06
"425","LabID:Analyte","#6:NMEA-#2:NDMA",0,0.0393474999999996,-0.146744718054192,0.225439718054191,1
"426","LabID:Analyte","#1:NMOR-#2:NDMA",0,-0.0195358333333336,-0.189414009340751,0.150342342674084,1
"427","LabID:Analyte","#2:NMOR-#2:NDMA",0,0.1079325,-0.0781597180541911,0.294024718054191,0.952703190022609
"428","LabID:Analyte","#3:NMOR-#2:NDMA",0,0.394416071428572,0.229462950420637,0.559369192436506,3.98681088142894e-13
"429","LabID:Analyte","#5:NMOR-#2:NDMA",0,0.373009375,0.186917156945809,0.559101593054191,2.50040099736282e-10
"430","LabID:Analyte","#6:NMOR-#2:NDMA",0,0.1353475,-0.0507447180541915,0.321439718054191,0.619111826140602
"431","LabID:Analyte","#1:NPIP-#2:NDMA",0,0.183130833333333,0.0132526573259152,0.353009009340751,0.0174511025656142
"432","LabID:Analyte","#2:NPIP-#2:NDMA",0,0.162035,-0.0240572180541914,0.348127218054191,0.213284120510324
"433","LabID:Analyte","#3:NPIP-#2:NDMA",0,0.0284846428571428,-0.136468478150791,0.193437763865077,1
"434","LabID:Analyte","#5:NPIP-#2:NDMA",0,0.317763125,0.131670906945809,0.503855343054191,1.77197612472035e-07
"435","LabID:Analyte","#6:NPIP-#2:NDMA",0,0.1003475,-0.0857447180541912,0.286439718054191,0.982412530797086
"436","LabID:Analyte","#1:NPYR-#2:NDMA",0,0.241430833333333,0.0715526573259152,0.411309009340751,5.57696778396011e-05
"437","LabID:Analyte","#2:NPYR-#2:NDMA",0,0.1497325,-0.0363597180541915,0.335824718054191,0.377326920925525
"438","LabID:Analyte","#3:NPYR-#2:NDMA",0,0.106336071428571,-0.058617049579363,0.271289192436506,0.849744172993926
"439","LabID:Analyte","#5:NPYR-#2:NDMA",0,0.296420625,0.110328406945809,0.482512843054191,1.92297674062036e-06
"440","LabID:Analyte","#6:NPYR-#2:NDMA",0,0.0593475,-0.126744718054191,0.245439718054191,0.999999798772299
"441","LabID:Analyte","#5:NDMA-#3:NDMA",0,0.254162321428572,0.0892092004206372,0.419115442436506,5.48683195067401e-06
"442","LabID:Analyte","#6:NDMA-#3:NDMA",0,0.000108571428571125,-0.164844549579363,0.165061692436505,1
"443","LabID:Analyte","#1:NDPA-#3:NDMA",0,-0.0978247619047621,-0.244241336081106,0.0485918122715817,0.793527327849599
"444","LabID:Analyte","#2:NDPA-#3:NDMA",0,0.0246685714285715,-0.140284549579363,0.189621692436506,1
"445","LabID:Analyte","#3:NDPA-#3:NDMA",0,-0.0137542857142856,-0.154426779970227,0.126918208541656,1
"446","LabID:Analyte","#5:NDPA-#3:NDMA",0,0.141762321428571,-0.0231907995793628,0.306715442436506,0.237285224220947
"447","LabID:Analyte","#6:NDPA-#3:NDMA",0,-0.0013914285714286,-0.166344549579363,0.163561692436506,1
"448","LabID:Analyte","#1:NMEA-#3:NDMA",0,-0.0971414285714292,-0.243558002747773,0.0492751456049146,0.805435825677004
"449","LabID:Analyte","#2:NMEA-#3:NDMA",0,-0.00279892857142894,-0.167752049579363,0.162154192436505,1
"450","LabID:Analyte","#3:NMEA-#3:NDMA",0,-0.0311714285714288,-0.17184392282737,0.109501065684512,1
"451","LabID:Analyte","#5:NMEA-#3:NDMA",0,0.224038571428571,0.0590854504206368,0.388991692436505,0.00017879140030419
"452","LabID:Analyte","#6:NMEA-#3:NDMA",0,-0.025891428571429,-0.190844549579363,0.139061692436505,1
"453","LabID:Analyte","#1:NMOR-#3:NDMA",0,-0.0847747619047623,-0.231191336081106,0.0616418122715815,0.953711902531522
"454","LabID:Analyte","#2:NMOR-#3:NDMA",0,0.0426935714285714,-0.122259549579363,0.207646692436506,0.999999999573057
"455","LabID:Analyte","#3:NMOR-#3:NDMA",0,0.329177142857143,0.188504648601202,0.469849637113084,4.7883919052083e-13
"456","LabID:Analyte","#5:NMOR-#3:NDMA",0,0.307770446428571,0.142817325420637,0.472723567436505,5.70132185906402e-09
"457","LabID:Analyte","#6:NMOR-#3:NDMA",0,0.0701085714285711,-0.0948445495793632,0.235061692436505,0.999760222294247
"458","LabID:Analyte","#1:NPIP-#3:NDMA",0,0.117891904761904,-0.0285246694144395,0.264308478938248,0.375694532365262
"459","LabID:Analyte","#2:NPIP-#3:NDMA",0,0.0967960714285712,-0.0681570495793631,0.261749192436505,0.94538024553356
"460","LabID:Analyte","#3:NPIP-#3:NDMA",0,-0.0367542857142859,-0.177426779970227,0.103918208541655,0.999999999427839
"461","LabID:Analyte","#5:NPIP-#3:NDMA",0,0.252524196428571,0.0875710754206371,0.417477317436506,6.68455721175576e-06
"462","LabID:Analyte","#6:NPIP-#3:NDMA",0,0.0351085714285714,-0.129844549579363,0.200061692436506,1
"463","LabID:Analyte","#1:NPYR-#3:NDMA",0,0.176191904761904,0.0297753305855605,0.322608478938248,0.00257539938685714
"464","LabID:Analyte","#2:NPYR-#3:NDMA",0,0.0844935714285711,-0.0804595495793632,0.249446692436505,0.992030867417446
"465","LabID:Analyte","#3:NPYR-#3:NDMA",0,0.0410971428571426,-0.0995753513987985,0.181769637113084,0.99999998343929
"466","LabID:Analyte","#5:NPYR-#3:NDMA",0,0.231181696428571,0.0662285754206368,0.396134817436505,8.06376252060481e-05
"467","LabID:Analyte","#6:NPYR-#3:NDMA",0,-0.00589142857142866,-0.170844549579363,0.159061692436506,1
"468","LabID:Analyte","#6:NDMA-#5:NDMA",0,-0.25405375,-0.440145968054192,-0.0679615319458092,0.000157389698225985
"469","LabID:Analyte","#1:NDPA-#5:NDMA",0,-0.351987083333334,-0.521865259340751,-0.182108907325916,5.29165600227088e-11
"470","LabID:Analyte","#2:NDPA-#5:NDMA",0,-0.22949375,-0.415585968054191,-0.0434015319458088,0.00157667599069544
"471","LabID:Analyte","#3:NDPA-#5:NDMA",0,-0.267916607142857,-0.432869728150791,-0.102963486134923,1.01240966132732e-06
"472","LabID:Analyte","#5:NDPA-#5:NDMA",0,-0.1124,-0.298492218054191,0.0736922180541912,0.923376466633721
"473","LabID:Analyte","#6:NDPA-#5:NDMA",0,-0.25555375,-0.441645968054191,-0.0694615319458089,0.000135832445286699
"474","LabID:Analyte","#1:NMEA-#5:NDMA",0,-0.351303750000001,-0.521181926007418,-0.181425573992583,5.80616665857292e-11
"475","LabID:Analyte","#2:NMEA-#5:NDMA",0,-0.25696125,-0.443053468054192,-0.0708690319458093,0.000118222236226595
"476","LabID:Analyte","#3:NMEA-#5:NDMA",0,-0.28533375,-0.450286871007935,-0.120380628992066,1.10409401399281e-07
"477","LabID:Analyte","#5:NMEA-#5:NDMA",0,-0.0301237500000004,-0.216215968054192,0.155968468054191,1
"478","LabID:Analyte","#6:NMEA-#5:NDMA",0,-0.280053750000001,-0.466145968054192,-0.0939615319458093,1.11562053145553e-05
"479","LabID:Analyte","#1:NMOR-#5:NDMA",0,-0.338937083333334,-0.508815259340752,-0.169058907325916,3.08974290597064e-10
"480","LabID:Analyte","#2:NMOR-#5:NDMA",0,-0.21146875,-0.397560968054191,-0.0253765319458089,0.00738736010957231
"481","LabID:Analyte","#3:NMOR-#5:NDMA",0,0.0750148214285715,-0.0899382995793628,0.239967942436506,0.999046834259771
"482","LabID:Analyte","#5:NMOR-#5:NDMA",0,0.0536081249999996,-0.132484093054192,0.239700343054191,0.99999998903655
"483","LabID:Analyte","#6:NMOR-#5:NDMA",0,-0.18405375,-0.370145968054192,0.00203846805419075,0.0573997629098639
"484","LabID:Analyte","#1:NPIP-#5:NDMA",0,-0.136270416666667,-0.306148592674085,0.0336077593407504,0.384416591867316
"485","LabID:Analyte","#2:NPIP-#5:NDMA",0,-0.15736625,-0.343458468054192,0.0287259680541908,0.26885909968758
"486","LabID:Analyte","#3:NPIP-#5:NDMA",0,-0.290916607142857,-0.455869728150792,-0.125963486134923,5.33888243614555e-08
"487","LabID:Analyte","#5:NPIP-#5:NDMA",0,-0.00163812500000016,-0.187730343054191,0.184454093054191,1
"488","LabID:Analyte","#6:NPIP-#5:NDMA",0,-0.21905375,-0.405145968054191,-0.0329615319458089,0.00392223412175008
"489","LabID:Analyte","#1:NPYR-#5:NDMA",0,-0.0779704166666673,-0.247848592674085,0.0919077593407505,0.99886032211415
"490","LabID:Analyte","#2:NPYR-#5:NDMA",0,-0.16966875,-0.355760968054192,0.0164234680541907,0.140736481791097
"491","LabID:Analyte","#3:NPYR-#5:NDMA",0,-0.213065178571429,-0.378018299579363,-0.0481120575634946,0.000583286415826723
"492","LabID:Analyte","#5:NPYR-#5:NDMA",0,-0.0229806250000004,-0.209072843054192,0.163111593054191,1
"493","LabID:Analyte","#6:NPYR-#5:NDMA",0,-0.26005375,-0.446145968054191,-0.073961531945809,8.69511383958521e-05
"494","LabID:Analyte","#1:NDPA-#6:NDMA",0,-0.0979333333333332,-0.267811509340751,0.0719448426740845,0.956175565902722
"495","LabID:Analyte","#2:NDPA-#6:NDMA",0,0.0245600000000004,-0.161532218054191,0.210652218054192,1
"496","LabID:Analyte","#3:NDPA-#6:NDMA",0,-0.0138628571428567,-0.178815978150791,0.151090263865078,1
"497","LabID:Analyte","#5:NDPA-#6:NDMA",0,0.14165375,-0.0444384680541909,0.327745968054192,0.510293063832209
"498","LabID:Analyte","#6:NDPA-#6:NDMA",0,-0.00149999999999972,-0.187592218054191,0.184592218054191,1
"499","LabID:Analyte","#1:NMEA-#6:NDMA",0,-0.0972500000000003,-0.267128176007418,0.0726281760074174,0.959926855165123
"500","LabID:Analyte","#2:NMEA-#6:NDMA",0,-0.00290750000000006,-0.188999718054191,0.183184718054191,1
"501","LabID:Analyte","#3:NMEA-#6:NDMA",0,-0.03128,-0.196233121007934,0.133673121007934,1
"502","LabID:Analyte","#5:NMEA-#6:NDMA",0,0.22393,0.0378377819458088,0.410022218054191,0.00257674737318359
"503","LabID:Analyte","#6:NMEA-#6:NDMA",0,-0.0260000000000001,-0.212092218054191,0.160092218054191,1
"504","LabID:Analyte","#1:NMOR-#6:NDMA",0,-0.0848833333333334,-0.254761509340751,0.0849948426740843,0.994710344780684
"505","LabID:Analyte","#2:NMOR-#6:NDMA",0,0.0425850000000003,-0.143507218054191,0.228677218054192,0.999999999991785
"506","LabID:Analyte","#3:NMOR-#6:NDMA",0,0.329068571428572,0.164115450420638,0.494021692436506,3.10783399015691e-10
"507","LabID:Analyte","#5:NMOR-#6:NDMA",0,0.307661875,0.121569656945809,0.493754093054191,5.5441190138783e-07
"508","LabID:Analyte","#6:NMOR-#6:NDMA",0,0.07,-0.116092218054191,0.256092218054191,0.999985199542886
"509","LabID:Analyte","#1:NPIP-#6:NDMA",0,0.117783333333333,-0.0520948426740846,0.287661509340751,0.72373511275813
"510","LabID:Analyte","#2:NPIP-#6:NDMA",0,0.0966875,-0.0894047180541912,0.282779718054191,0.990000995948611
"511","LabID:Analyte","#3:NPIP-#6:NDMA",0,-0.036862857142857,-0.201815978150791,0.128090263865077,0.999999999996321
"512","LabID:Analyte","#5:NPIP-#6:NDMA",0,0.252415625,0.066323406945809,0.438507843054191,0.000184709099867786
"513","LabID:Analyte","#6:NPIP-#6:NDMA",0,0.0350000000000003,-0.151092218054191,0.221092218054191,1
"514","LabID:Analyte","#1:NPYR-#6:NDMA",0,0.176083333333333,0.00620515732591542,0.345961509340751,0.0309966491631417
"515","LabID:Analyte","#2:NPYR-#6:NDMA",0,0.0843849999999999,-0.101707218054191,0.270477218054191,0.999098941235801
"516","LabID:Analyte","#3:NPYR-#6:NDMA",0,0.0409885714285715,-0.123964549579363,0.205941692436506,0.999999999881225
"517","LabID:Analyte","#5:NPYR-#6:NDMA",0,0.231073125,0.0449809069458088,0.417165343054191,0.0013684300644593
"518","LabID:Analyte","#6:NPYR-#6:NDMA",0,-0.00599999999999978,-0.192092218054191,0.180092218054191,1
"519","LabID:Analyte","#2:NDPA-#1:NDPA",0,0.122493333333334,-0.0473848426740842,0.292371509340751,0.638946842651831
"520","LabID:Analyte","#3:NDPA-#1:NDPA",0,0.0840704761904765,-0.0623460979858673,0.23048705036682,0.958355208983729
"521","LabID:Analyte","#5:NDPA-#1:NDPA",0,0.239587083333334,0.0697089073259158,0.409465259340751,6.83651654166395e-05
"522","LabID:Analyte","#6:NDPA-#1:NDPA",0,0.0964333333333335,-0.0734448426740842,0.266311509340751,0.964090531218302
"523","LabID:Analyte","#1:NMEA-#1:NDPA",0,0.000683333333332925,-0.151260326445171,0.152626993111837,1
"524","LabID:Analyte","#2:NMEA-#1:NDPA",0,0.0950258333333331,-0.0748523426740846,0.264904009340751,0.970491294574752
"525","LabID:Analyte","#3:NMEA-#1:NDPA",0,0.0666533333333332,-0.0797632408430105,0.213069907509677,0.999027606692052
"526","LabID:Analyte","#5:NMEA-#1:NDPA",0,0.321863333333333,0.151985157325915,0.491741509340751,2.99734204123325e-09
"527","LabID:Analyte","#6:NMEA-#1:NDPA",0,0.0719333333333331,-0.0979448426740847,0.241811509340751,0.999778545005169
"528","LabID:Analyte","#1:NMOR-#1:NDPA",0,0.0130499999999998,-0.138893659778504,0.164993659778504,1
"529","LabID:Analyte","#2:NMOR-#1:NDPA",0,0.140518333333334,-0.0293598426740842,0.310396509340751,0.315133589219849
"530","LabID:Analyte","#3:NMOR-#1:NDPA",0,0.427001904761905,0.280585330585561,0.573418478938249,1.00697228333502e-13
"531","LabID:Analyte","#5:NMOR-#1:NDPA",0,0.405595208333333,0.235717032325915,0.575473384340751,4.0778491694482e-13
"532","LabID:Analyte","#6:NMOR-#1:NDPA",0,0.167933333333333,-0.00194484267408457,0.337811509340751,0.0577549289315986
"533","LabID:Analyte","#1:NPIP-#1:NDPA",0,0.215716666666666,0.0637730068881624,0.36766032644517,5.73494013407227e-05
"534","LabID:Analyte","#2:NPIP-#1:NDPA",0,0.194620833333333,0.0247426573259155,0.364499009340751,0.00640978010420801
"535","LabID:Analyte","#3:NPIP-#1:NDPA",0,0.0610704761904762,-0.0853460979858675,0.20748705036682,0.999840074108182
"536","LabID:Analyte","#5:NPIP-#1:NDPA",0,0.350348958333333,0.180470782325916,0.520227134340751,6.60950183473119e-11
"537","LabID:Analyte","#6:NPIP-#1:NDPA",0,0.132933333333333,-0.0369448426740843,0.302811509340751,0.443296181399868
"538","LabID:Analyte","#1:NPYR-#1:NDPA",0,0.274016666666666,0.122073006888162,0.42596032644517,2.25166847389602e-08
"539","LabID:Analyte","#2:NPYR-#1:NDPA",0,0.182318333333333,0.0124401573259154,0.352196509340751,0.0186762719171244
"540","LabID:Analyte","#3:NPYR-#1:NDPA",0,0.138921904761905,-0.00749466941443908,0.285338478938248,0.0931595282870568
"541","LabID:Analyte","#5:NPYR-#1:NDPA",0,0.329006458333333,0.159128282325915,0.498884634340751,1.16547105299958e-09
"542","LabID:Analyte","#6:NPYR-#1:NDPA",0,0.0919333333333334,-0.0779448426740843,0.261811509340751,0.981467347351567
"543","LabID:Analyte","#3:NDPA-#2:NDPA",0,-0.0384228571428571,-0.203375978150791,0.126530263865077,0.999999999985216
"544","LabID:Analyte","#5:NDPA-#2:NDPA",0,0.11709375,-0.0689984680541912,0.303185968054191,0.881320918840187
"545","LabID:Analyte","#6:NDPA-#2:NDPA",0,-0.0260600000000001,-0.212152218054191,0.160032218054191,1
"546","LabID:Analyte","#1:NMEA-#2:NDPA",0,-0.121810000000001,-0.291688176007418,0.0480681760074171,0.651610517743191
"547","LabID:Analyte","#2:NMEA-#2:NDPA",0,-0.0274675000000004,-0.213559718054192,0.158624718054191,1
"548","LabID:Analyte","#3:NMEA-#2:NDPA",0,-0.0558400000000003,-0.220793121007935,0.109113121007934,0.999998985052332
"549","LabID:Analyte","#5:NMEA-#2:NDPA",0,0.19937,0.0132777819458084,0.385462218054191,0.0191787277776617
"550","LabID:Analyte","#6:NMEA-#2:NDPA",0,-0.0505600000000005,-0.236652218054192,0.135532218054191,0.999999998100666
"551","LabID:Analyte","#1:NMOR-#2:NDPA",0,-0.109443333333334,-0.279321509340752,0.0604348426740839,0.850614674198385
"552","LabID:Analyte","#2:NMOR-#2:NDPA",0,0.018025,-0.168067218054191,0.204117218054191,1
"553","LabID:Analyte","#3:NMOR-#2:NDPA",0,0.304508571428572,0.139555450420637,0.469461692436506,8.83277062602161e-09
"554","LabID:Analyte","#5:NMOR-#2:NDPA",0,0.283101875,0.0970096569458084,0.469194093054191,8.08151584374972e-06
"555","LabID:Analyte","#6:NMOR-#2:NDPA",0,0.0454399999999996,-0.140652218054192,0.231532218054191,0.999999999931902
"556","LabID:Analyte","#1:NPIP-#2:NDPA",0,0.0932233333333328,-0.076654842674085,0.26310150934075,0.977367566893818
"557","LabID:Analyte","#2:NPIP-#2:NDPA",0,0.0721274999999997,-0.113964718054192,0.258219718054191,0.999969715140037
"558","LabID:Analyte","#3:NPIP-#2:NDPA",0,-0.0614228571428573,-0.226375978150792,0.103530263865077,0.999988438485571
"559","LabID:Analyte","#5:NPIP-#2:NDPA",0,0.227855625,0.0417634069458087,0.413947843054191,0.00182434323076952
"560","LabID:Analyte","#6:NPIP-#2:NDPA",0,0.0104399999999999,-0.175652218054191,0.196532218054191,1
"561","LabID:Analyte","#1:NPYR-#2:NDPA",0,0.151523333333333,-0.0183548426740849,0.321401509340751,0.172958834808243
"562","LabID:Analyte","#2:NPYR-#2:NDPA",0,0.0598249999999996,-0.126267218054192,0.245917218054191,0.999999748916655
"563","LabID:Analyte","#3:NPYR-#2:NDPA",0,0.0164285714285711,-0.148524549579363,0.181381692436505,1
"564","LabID:Analyte","#5:NPYR-#2:NDPA",0,0.206513125,0.0204209069458084,0.392605343054191,0.0110143400209783
"565","LabID:Analyte","#6:NPYR-#2:NDPA",0,-0.0305600000000001,-0.216652218054191,0.155532218054191,1
"566","LabID:Analyte","#5:NDPA-#3:NDPA",0,0.155516607142857,-0.00943651386507721,0.320469728150791,0.0998413508280132
"567","LabID:Analyte","#6:NDPA-#3:NDPA",0,0.012362857142857,-0.152590263865077,0.177315978150791,1
"568","LabID:Analyte","#1:NMEA-#3:NDPA",0,-0.0833871428571435,-0.229803717033487,0.0630294313192002,0.962521616383258
"569","LabID:Analyte","#2:NMEA-#3:NDPA",0,0.0109553571428567,-0.153997763865078,0.175908478150791,1
"570","LabID:Analyte","#3:NMEA-#3:NDPA",0,-0.0174171428571432,-0.158089637113084,0.123255351398798,1
"571","LabID:Analyte","#5:NMEA-#3:NDPA",0,0.237792857142857,0.0728397361349224,0.402745978150791,3.79283452855983e-05
"572","LabID:Analyte","#6:NMEA-#3:NDPA",0,-0.0121371428571434,-0.177090263865078,0.152815978150791,1
"573","LabID:Analyte","#1:NMOR-#3:NDPA",0,-0.0710204761904767,-0.21743705036682,0.0753960979858671,0.996834180330422
"574","LabID:Analyte","#2:NMOR-#3:NDPA",0,0.056447857142857,-0.108505263865077,0.221400978150791,0.999998648906465
"575","LabID:Analyte","#3:NMOR-#3:NDPA",0,0.342931428571429,0.202258934315488,0.48360392282737,3.87356813291717e-13
"576","LabID:Analyte","#5:NMOR-#3:NDPA",0,0.321524732142857,0.156571611134922,0.486477853150791,8.79242678664127e-10
"577","LabID:Analyte","#6:NMOR-#3:NDPA",0,0.0838628571428567,-0.0810902638650776,0.248815978150791,0.99294510547404
"578","LabID:Analyte","#1:NPIP-#3:NDPA",0,0.13164619047619,-0.0147703837001539,0.278062764652534,0.160704626360219
"579","LabID:Analyte","#2:NPIP-#3:NDPA",0,0.110550357142857,-0.0544027638650775,0.275503478150791,0.788145764356137
"580","LabID:Analyte","#3:NPIP-#3:NDPA",0,-0.0230000000000002,-0.163672494255941,0.117672494255941,1
"581","LabID:Analyte","#5:NPIP-#3:NDPA",0,0.266278482142857,0.101325361134923,0.431231603150791,1.24174977622626e-06
"582","LabID:Analyte","#6:NPIP-#3:NDPA",0,0.048862857142857,-0.116090263865077,0.213815978150791,0.999999975206324
"583","LabID:Analyte","#1:NPYR-#3:NDPA",0,0.18994619047619,0.0435296162998461,0.336362764652534,0.000528818354472937
"584","LabID:Analyte","#2:NPYR-#3:NDPA",0,0.0982478571428567,-0.0667052638650776,0.263200978150791,0.934765310947239
"585","LabID:Analyte","#3:NPYR-#3:NDPA",0,0.0548514285714282,-0.0858210656845129,0.195523922827369,0.99996513001801
"586","LabID:Analyte","#5:NPYR-#3:NDPA",0,0.244935982142857,0.0799828611349224,0.409889103150791,1.64961694381072e-05
"587","LabID:Analyte","#6:NPYR-#3:NDPA",0,0.00786285714285695,-0.157090263865077,0.172815978150791,1
"588","LabID:Analyte","#6:NDPA-#5:NDPA",0,-0.14315375,-0.329245968054191,0.0429384680541911,0.484682484135154
"589","LabID:Analyte","#1:NMEA-#5:NDPA",0,-0.238903750000001,-0.408781926007418,-0.0690255739925829,7.37019892508295e-05
"590","LabID:Analyte","#2:NMEA-#5:NDPA",0,-0.14456125,-0.330653468054192,0.0415309680541908,0.460941192812598
"591","LabID:Analyte","#3:NMEA-#5:NDPA",0,-0.17293375,-0.337886871007935,-0.00798062899206603,0.0263910624655094
"592","LabID:Analyte","#5:NMEA-#5:NDPA",0,0.0822762499999996,-0.103815968054192,0.268368468054191,0.999455717896753
"593","LabID:Analyte","#6:NMEA-#5:NDPA",0,-0.16765375,-0.353745968054192,0.0184384680541907,0.157738189007852
"594","LabID:Analyte","#1:NMOR-#5:NDPA",0,-0.226537083333334,-0.396415259340752,-0.0566589073259161,0.000278846418727219
"595","LabID:Analyte","#2:NMOR-#5:NDPA",0,-0.09906875,-0.285160968054191,0.0870234680541912,0.985460955737441
"596","LabID:Analyte","#3:NMOR-#5:NDPA",0,0.187414821428572,0.0224617004206373,0.352367942436506,0.00740932598009647
"597","LabID:Analyte","#5:NMOR-#5:NDPA",0,0.166008125,-0.0200840930541916,0.352100343054191,0.172745294111418
"598","LabID:Analyte","#6:NMOR-#5:NDPA",0,-0.0716537500000004,-0.257745968054192,0.114438468054191,0.999974084286112
"599","LabID:Analyte","#1:NPIP-#5:NDPA",0,-0.0238704166666672,-0.193748592674085,0.14600775934075,1
"600","LabID:Analyte","#2:NPIP-#5:NDPA",0,-0.0449662500000003,-0.231058468054192,0.141125968054191,0.999999999951311
"601","LabID:Analyte","#3:NPIP-#5:NDPA",0,-0.178516607142857,-0.343469728150792,-0.013563486134923,0.0164329447071786
"602","LabID:Analyte","#5:NPIP-#5:NDPA",0,0.110761875,-0.0753303430541913,0.296854093054191,0.935292095491694
"603","LabID:Analyte","#6:NPIP-#5:NDPA",0,-0.10665375,-0.292745968054191,0.0794384680541911,0.959333751884401
"604","LabID:Analyte","#1:NPYR-#5:NDPA",0,0.0344295833333328,-0.135448592674085,0.204307759340751,1
"605","LabID:Analyte","#2:NPYR-#5:NDPA",0,-0.0572687500000004,-0.243360968054192,0.128823468054191,0.999999925918857
"606","LabID:Analyte","#3:NPYR-#5:NDPA",0,-0.100665178571429,-0.265618299579363,0.0642879424365054,0.91404065095243
"607","LabID:Analyte","#5:NPYR-#5:NDPA",0,0.0894193749999996,-0.0966728430541916,0.275511593054191,0.997323967777417
"608","LabID:Analyte","#6:NPYR-#5:NDPA",0,-0.14765375,-0.333745968054191,0.0384384680541911,0.41014040114048
"609","LabID:Analyte","#1:NMEA-#6:NDPA",0,-0.0957500000000006,-0.265628176007418,0.0741281760074172,0.967317129505442
"610","LabID:Analyte","#2:NMEA-#6:NDPA",0,-0.00140750000000034,-0.187499718054192,0.184684718054191,1
"611","LabID:Analyte","#3:NMEA-#6:NDPA",0,-0.0297800000000003,-0.194733121007935,0.135173121007934,1
"612","LabID:Analyte","#5:NMEA-#6:NDPA",0,0.22543,0.0393377819458085,0.411522218054191,0.00225988697104118
"613","LabID:Analyte","#6:NMEA-#6:NDPA",0,-0.0245000000000004,-0.210592218054192,0.161592218054191,1
"614","LabID:Analyte","#1:NMOR-#6:NDPA",0,-0.0833833333333337,-0.253261509340751,0.086494842674084,0.996102148308324
"615","LabID:Analyte","#2:NMOR-#6:NDPA",0,0.044085,-0.142007218054191,0.230177218054191,0.999999999974299
"616","LabID:Analyte","#3:NMOR-#6:NDPA",0,0.330568571428572,0.165615450420637,0.495521692436506,2.52443399517688e-10
"617","LabID:Analyte","#5:NMOR-#6:NDPA",0,0.309161875,0.123069656945808,0.495254093054191,4.68654699825599e-07
"618","LabID:Analyte","#6:NMOR-#6:NDPA",0,0.0714999999999997,-0.114592218054192,0.257592218054191,0.999975372955496
"619","LabID:Analyte","#1:NPIP-#6:NDPA",0,0.119283333333333,-0.0505948426740849,0.289161509340751,0.697456375185682
"620","LabID:Analyte","#2:NPIP-#6:NDPA",0,0.0981874999999998,-0.0879047180541914,0.284279718054191,0.987302956290596
"621","LabID:Analyte","#3:NPIP-#6:NDPA",0,-0.0353628571428573,-0.200315978150792,0.129590263865077,1
"622","LabID:Analyte","#5:NPIP-#6:NDPA",0,0.253915625,0.0678234069458088,0.440007843054191,0.000159533434540782
"623","LabID:Analyte","#6:NPIP-#6:NDPA",0,0.0365,-0.149592218054191,0.222592218054191,1
"624","LabID:Analyte","#1:NPYR-#6:NDPA",0,0.177583333333333,0.00770515732591515,0.347461509340751,0.0275036566015526
"625","LabID:Analyte","#2:NPYR-#6:NDPA",0,0.0858849999999997,-0.100207218054192,0.271977218054191,0.998733104043426
"626","LabID:Analyte","#3:NPYR-#6:NDPA",0,0.0424885714285712,-0.122464549579363,0.207441692436506,0.999999999632473
"627","LabID:Analyte","#5:NPYR-#6:NDPA",0,0.232573125,0.0464809069458085,0.418665343054191,0.00119511803915673
"628","LabID:Analyte","#6:NPYR-#6:NDPA",0,-0.00450000000000006,-0.190592218054191,0.181592218054191,1
"629","LabID:Analyte","#2:NMEA-#1:NMEA",0,0.0943425000000002,-0.0755356760074175,0.264220676007418,0.973264833110518
"630","LabID:Analyte","#3:NMEA-#1:NMEA",0,0.0659700000000003,-0.0804465741763435,0.212386574176344,0.999205548652023
"631","LabID:Analyte","#5:NMEA-#1:NMEA",0,0.32118,0.151301823992583,0.491058176007418,3.27920413045746e-09
"632","LabID:Analyte","#6:NMEA-#1:NMEA",0,0.0712500000000001,-0.0986281760074176,0.241128176007418,0.99981964355845
"633","LabID:Analyte","#1:NMOR-#1:NMEA",0,0.0123666666666669,-0.139576993111837,0.164310326445171,1
"634","LabID:Analyte","#2:NMOR-#1:NMEA",0,0.139835000000001,-0.0300431760074171,0.309713176007418,0.32578869039908
"635","LabID:Analyte","#3:NMOR-#1:NMEA",0,0.426318571428572,0.279901997252228,0.572735145604916,1.07358566481253e-13
"636","LabID:Analyte","#5:NMOR-#1:NMEA",0,0.404911875,0.235033698992583,0.574790051007418,4.16777723444284e-13
"637","LabID:Analyte","#6:NMOR-#1:NMEA",0,0.16725,-0.00262817600741749,0.337128176007418,0.0607156876890056
"638","LabID:Analyte","#1:NPIP-#1:NMEA",0,0.215033333333333,0.0630896735548295,0.366976993111837,6.2403328823124e-05
"639","LabID:Analyte","#2:NPIP-#1:NMEA",0,0.1939375,0.0240593239925826,0.363815676007418,0.00681750072990073
"640","LabID:Analyte","#3:NPIP-#1:NMEA",0,0.0603871428571433,-0.0860294313192005,0.206803717033487,0.999875019589236
"641","LabID:Analyte","#5:NPIP-#1:NMEA",0,0.349665625000001,0.179787448992583,0.519543801007418,7.25117743627379e-11
"642","LabID:Analyte","#6:NPIP-#1:NMEA",0,0.132250000000001,-0.0376281760074172,0.302128176007418,0.455735143228236
"643","LabID:Analyte","#1:NPYR-#1:NMEA",0,0.273333333333333,0.121389673554829,0.425276993111837,2.48376591516219e-08
"644","LabID:Analyte","#2:NPYR-#1:NMEA",0,0.181635,0.0117568239925825,0.351513176007418,0.0197666976973153
"645","LabID:Analyte","#3:NPYR-#1:NMEA",0,0.138238571428572,-0.008178002747772,0.284655145604916,0.0983064789704983
"646","LabID:Analyte","#5:NPYR-#1:NMEA",0,0.328323125,0.158444948992583,0.498201301007418,1.27619770307064e-09
"647","LabID:Analyte","#6:NPYR-#1:NMEA",0,0.0912500000000005,-0.0786281760074172,0.261128176007418,0.983387111662146
"648","LabID:Analyte","#3:NMEA-#2:NMEA",0,-0.0283724999999999,-0.193325621007934,0.136580621007934,1
"649","LabID:Analyte","#5:NMEA-#2:NMEA",0,0.2268375,0.0407452819458088,0.412929718054191,0.00199644635528129
"650","LabID:Analyte","#6:NMEA-#2:NMEA",0,-0.0230925000000001,-0.209184718054191,0.162999718054191,1
"651","LabID:Analyte","#1:NMOR-#2:NMEA",0,-0.0819758333333334,-0.251854009340751,0.0879023426740844,0.997112302840571
"652","LabID:Analyte","#2:NMOR-#2:NMEA",0,0.0454925000000004,-0.140599718054191,0.231584718054192,0.99999999992935
"653","LabID:Analyte","#3:NMOR-#2:NMEA",0,0.331976071428572,0.167022950420638,0.496929192436506,2.07666106533111e-10
"654","LabID:Analyte","#5:NMOR-#2:NMEA",0,0.310569375,0.124477156945809,0.496661593054191,4.00116324628108e-07
"655","LabID:Analyte","#6:NMOR-#2:NMEA",0,0.0729075,-0.113184718054191,0.258999718054191,0.999961032020931
"656","LabID:Analyte","#1:NPIP-#2:NMEA",0,0.120690833333333,-0.0491873426740845,0.290569009340751,0.672128940246386
"657","LabID:Analyte","#2:NPIP-#2:NMEA",0,0.0995950000000001,-0.0864972180541911,0.285687218054191,0.984262362273202
"658","LabID:Analyte","#3:NPIP-#2:NMEA",0,-0.0339553571428569,-0.198908478150791,0.130997763865077,1
"659","LabID:Analyte","#5:NPIP-#2:NMEA",0,0.255323125,0.0692309069458091,0.441415343054192,0.000138950208919297
"660","LabID:Analyte","#6:NPIP-#2:NMEA",0,0.0379075000000003,-0.148184718054191,0.223999718054192,1
"661","LabID:Analyte","#1:NPYR-#2:NMEA",0,0.178990833333333,0.00911265732591549,0.348869009340751,0.0245515654481037
"662","LabID:Analyte","#2:NPYR-#2:NMEA",0,0.0872925,-0.0987997180541912,0.273384718054191,0.998278145593967
"663","LabID:Analyte","#3:NPYR-#2:NMEA",0,0.0438960714285715,-0.121057049579363,0.208849192436506,0.999999998992605
"664","LabID:Analyte","#5:NPYR-#2:NMEA",0,0.233980625,0.0478884069458088,0.420072843054191,0.00105169604881417
"665","LabID:Analyte","#6:NPYR-#2:NMEA",0,-0.00309249999999972,-0.189184718054191,0.182999718054191,1
"666","LabID:Analyte","#5:NMEA-#3:NMEA",0,0.25521,0.0902568789920656,0.420163121007934,4.83377969662246e-06
"667","LabID:Analyte","#6:NMEA-#3:NMEA",0,0.00527999999999984,-0.159673121007934,0.170233121007934,1
"668","LabID:Analyte","#1:NMOR-#3:NMEA",0,-0.0536033333333334,-0.200019907509677,0.0928132408430103,0.999992393824076
"669","LabID:Analyte","#2:NMOR-#3:NMEA",0,0.0738650000000003,-0.091088121007934,0.238818121007935,0.999297011750554
"670","LabID:Analyte","#3:NMOR-#3:NMEA",0,0.360348571428572,0.219676077172631,0.501021065684513,3.59268170768701e-13
"671","LabID:Analyte","#5:NMOR-#3:NMEA",0,0.338941875,0.173988753992066,0.503894996007934,7.87034881710724e-11
"672","LabID:Analyte","#6:NMOR-#3:NMEA",0,0.10128,-0.0636731210079344,0.266233121007934,0.90814069488486
"673","LabID:Analyte","#1:NPIP-#3:NMEA",0,0.149063333333333,0.00264675915698934,0.295479907509677,0.0395976267213484
"674","LabID:Analyte","#2:NPIP-#3:NMEA",0,0.1279675,-0.0369856210079343,0.292920621007934,0.46420121757158
"675","LabID:Analyte","#3:NPIP-#3:NMEA",0,-0.005582857142857,-0.146255351398798,0.135089637113084,1
"676","LabID:Analyte","#5:NPIP-#3:NMEA",0,0.283695625,0.118742503992066,0.448648746007935,1.3644882301822e-07
"677","LabID:Analyte","#6:NPIP-#3:NMEA",0,0.0662800000000002,-0.0986731210079341,0.231233121007935,0.999930295812445
"678","LabID:Analyte","#1:NPYR-#3:NMEA",0,0.207363333333333,0.0609467591569894,0.353779907509677,6.11994126937798e-05
"679","LabID:Analyte","#2:NPYR-#3:NMEA",0,0.115665,-0.0492881210079344,0.280618121007934,0.700383559377988
"680","LabID:Analyte","#3:NPYR-#3:NMEA",0,0.0722685714285715,-0.0684039228273697,0.212941065684513,0.991644176862366
"681","LabID:Analyte","#5:NPYR-#3:NMEA",0,0.262353125,0.0974000039920657,0.427306246007934,2.01914829089933e-06
"682","LabID:Analyte","#6:NPYR-#3:NMEA",0,0.0252800000000002,-0.139673121007934,0.190233121007934,1
"683","LabID:Analyte","#6:NMEA-#5:NMEA",0,-0.24993,-0.436022218054191,-0.0638377819458089,0.000235099242531067
"684","LabID:Analyte","#1:NMOR-#5:NMEA",0,-0.308813333333333,-0.478691509340751,-0.138935157325916,1.64180776751621e-08
"685","LabID:Analyte","#2:NMOR-#5:NMEA",0,-0.181345,-0.367437218054191,0.00474721805419157,0.0686781622434337
"686","LabID:Analyte","#3:NMOR-#5:NMEA",0,0.105138571428572,-0.0598145495793623,0.270091692436506,0.865159194921213
"687","LabID:Analyte","#5:NMOR-#5:NMEA",0,0.083731875,-0.102360343054191,0.269824093054191,0.999226730495166
"688","LabID:Analyte","#6:NMOR-#5:NMEA",0,-0.15393,-0.340022218054191,0.0321622180541912,0.315135307016657
"689","LabID:Analyte","#1:NPIP-#5:NMEA",0,-0.106146666666667,-0.276024842674085,0.0637315093407509,0.889488615690363
"690","LabID:Analyte","#2:NPIP-#5:NMEA",0,-0.1272425,-0.313334718054191,0.0588497180541913,0.751252508690616
"691","LabID:Analyte","#3:NPIP-#5:NMEA",0,-0.260792857142857,-0.425745978150791,-0.0958397361349226,2.44651407999008e-06
"692","LabID:Analyte","#5:NPIP-#5:NMEA",0,0.0284856250000003,-0.157606593054191,0.214577843054192,1
"693","LabID:Analyte","#6:NPIP-#5:NMEA",0,-0.18893,-0.375022218054191,-0.0028377819458085,0.0410872340159605
"694","LabID:Analyte","#1:NPYR-#5:NMEA",0,-0.0478466666666668,-0.217724842674085,0.122031509340751,0.999999994381851
"695","LabID:Analyte","#2:NPYR-#5:NMEA",0,-0.139545,-0.325637218054191,0.0465472180541912,0.546646607398978
"696","LabID:Analyte","#3:NPYR-#5:NMEA",0,-0.182941428571428,-0.347894549579363,-0.0179883075634942,0.0111262684340896
"697","LabID:Analyte","#5:NPYR-#5:NMEA",0,0.00714312500000003,-0.178949093054191,0.193235343054191,1
"698","LabID:Analyte","#6:NPYR-#5:NMEA",0,-0.22993,-0.416022218054191,-0.0438377819458085,0.00151632186959838
"699","LabID:Analyte","#1:NMOR-#6:NMEA",0,-0.0588833333333333,-0.228761509340751,0.110994842674084,0.999998110038679
"700","LabID:Analyte","#2:NMOR-#6:NMEA",0,0.0685850000000005,-0.117507218054191,0.254677218054192,0.99999102446957
"701","LabID:Analyte","#3:NMOR-#6:NMEA",0,0.355068571428572,0.190115450420638,0.520021692436506,8.38329405894456e-12
"702","LabID:Analyte","#5:NMOR-#6:NMEA",0,0.333661875,0.147569656945809,0.519754093054191,2.82563379361278e-08
"703","LabID:Analyte","#6:NMOR-#6:NMEA",0,0.0960000000000001,-0.0900922180541911,0.282092218054191,0.991070019057184
"704","LabID:Analyte","#1:NPIP-#6:NMEA",0,0.143783333333333,-0.0260948426740845,0.313661509340751,0.267062085911838
"705","LabID:Analyte","#2:NPIP-#6:NMEA",0,0.1226875,-0.063404718054191,0.308779718054191,0.815792230902448
"706","LabID:Analyte","#3:NPIP-#6:NMEA",0,-0.0108628571428568,-0.175815978150791,0.154090263865077,1
"707","LabID:Analyte","#5:NPIP-#6:NMEA",0,0.278415625,0.0923234069458092,0.464507843054192,1.32537454593518e-05
"708","LabID:Analyte","#6:NPIP-#6:NMEA",0,0.0610000000000004,-0.125092218054191,0.247092218054192,0.999999572507827
"709","LabID:Analyte","#1:NPYR-#6:NMEA",0,0.202083333333333,0.0322051573259156,0.371961509340751,0.00321630028597586
"710","LabID:Analyte","#2:NPYR-#6:NMEA",0,0.110385,-0.0757072180541911,0.296477218054191,0.937838715243194
"711","LabID:Analyte","#3:NPYR-#6:NMEA",0,0.0669885714285716,-0.0979645495793627,0.231941692436506,0.999911389734645
"712","LabID:Analyte","#5:NPYR-#6:NMEA",0,0.257073125,0.0709809069458089,0.443165343054191,0.000116921529793257
"713","LabID:Analyte","#6:NPYR-#6:NMEA",0,0.0200000000000004,-0.166092218054191,0.206092218054192,1
"714","LabID:Analyte","#2:NMOR-#1:NMOR",0,0.127468333333334,-0.042409842674084,0.297346509340751,0.545097615073409
"715","LabID:Analyte","#3:NMOR-#1:NMOR",0,0.413951904761905,0.267535330585562,0.560368478938249,1.80633286106513e-13
"716","LabID:Analyte","#5:NMOR-#1:NMOR",0,0.392545208333333,0.222667032325916,0.562423384340751,5.60884672040629e-13
"717","LabID:Analyte","#6:NMOR-#1:NMOR",0,0.154883333333333,-0.0149948426740844,0.324761509340751,0.140757136174896
"718","LabID:Analyte","#1:NPIP-#1:NMOR",0,0.202666666666667,0.0507230068881626,0.35461032644517,0.000277349684989381
"719","LabID:Analyte","#2:NPIP-#1:NMOR",0,0.181570833333333,0.0116926573259157,0.351449009340751,0.0198720051242571
"720","LabID:Analyte","#3:NPIP-#1:NMOR",0,0.0480204761904764,-0.0983960979858673,0.19443705036682,0.999999566188102
"721","LabID:Analyte","#5:NPIP-#1:NMOR",0,0.337298958333334,0.167420782325916,0.507177134340751,3.85021015070208e-10
"722","LabID:Analyte","#6:NPIP-#1:NMOR",0,0.119883333333334,-0.0499948426740841,0.289761509340751,0.686731513387627
"723","LabID:Analyte","#1:NPYR-#1:NMOR",0,0.260966666666667,0.109023006888163,0.412910326445171,1.43395890606079e-07
"724","LabID:Analyte","#2:NPYR-#1:NMOR",0,0.169268333333333,-0.000609842674084371,0.339146509340751,0.0523281820007416
"725","LabID:Analyte","#3:NPYR-#1:NMOR",0,0.125871904761905,-0.0205446694144389,0.272288478938249,0.236683975456571
"726","LabID:Analyte","#5:NPYR-#1:NMOR",0,0.315956458333333,0.146078282325916,0.485834634340751,6.49910469885384e-09
"727","LabID:Analyte","#6:NPYR-#1:NMOR",0,0.0788833333333336,-0.0909948426740841,0.248761509340751,0.998576707518956
"728","LabID:Analyte","#3:NMOR-#2:NMOR",0,0.286483571428572,0.121530450420637,0.451436692436506,9.51226056811194e-08
"729","LabID:Analyte","#5:NMOR-#2:NMOR",0,0.265076875,0.0789846569458084,0.451169093054191,5.24699120683092e-05
"730","LabID:Analyte","#6:NMOR-#2:NMOR",0,0.0274149999999996,-0.158677218054192,0.213507218054191,1
"731","LabID:Analyte","#1:NPIP-#2:NMOR",0,0.0751983333333328,-0.0946798426740849,0.245076509340751,0.999442252404211
"732","LabID:Analyte","#2:NPIP-#2:NMOR",0,0.0541024999999997,-0.131989718054191,0.240194718054191,0.999999985639157
"733","LabID:Analyte","#3:NPIP-#2:NMOR",0,-0.0794478571428573,-0.244400978150792,0.085505263865077,0.997208961513993
"734","LabID:Analyte","#5:NPIP-#2:NMOR",0,0.209830625,0.0237384069458087,0.395922843054191,0.00844087742018296
"735","LabID:Analyte","#6:NPIP-#2:NMOR",0,-0.00758500000000006,-0.193677218054191,0.178507218054191,1
"736","LabID:Analyte","#1:NPYR-#2:NMOR",0,0.133498333333333,-0.0363798426740849,0.303376509340751,0.433099315649031
"737","LabID:Analyte","#2:NPYR-#2:NMOR",0,0.0417999999999996,-0.144292218054192,0.227892218054191,0.999999999995612
"738","LabID:Analyte","#3:NPYR-#2:NMOR",0,-0.00159642857142883,-0.166549549579363,0.163356692436505,1
"739","LabID:Analyte","#5:NPYR-#2:NMOR",0,0.188488125,0.00239590694580846,0.374580343054191,0.0423760246069672
"740","LabID:Analyte","#6:NPYR-#2:NMOR",0,-0.0485850000000001,-0.234677218054191,0.137507218054191,0.999999999440941
"741","LabID:Analyte","#5:NMOR-#3:NMOR",0,-0.021406696428572,-0.186359817436506,0.143546424579362,1
"742","LabID:Analyte","#6:NMOR-#3:NMOR",0,-0.259068571428572,-0.424021692436506,-0.0941154504206377,3.02222012071862e-06
"743","LabID:Analyte","#1:NPIP-#3:NMOR",0,-0.211285238095239,-0.357701812271583,-0.064868663918895,3.68868788657162e-05
"744","LabID:Analyte","#2:NPIP-#3:NMOR",0,-0.232381071428572,-0.397334192436506,-0.0674279504206376,7.04099414262638e-05
"745","LabID:Analyte","#3:NPIP-#3:NMOR",0,-0.365931428571429,-0.50660392282737,-0.225258934315488,3.42503803096861e-13
"746","LabID:Analyte","#5:NPIP-#3:NMOR",0,-0.0766529464285717,-0.241606067436506,0.0883001745793626,0.998556684706601
"747","LabID:Analyte","#6:NPIP-#3:NMOR",0,-0.294068571428572,-0.459021692436506,-0.129115450420637,3.5307994195044e-08
"748","LabID:Analyte","#1:NPYR-#3:NMOR",0,-0.152985238095239,-0.299401812271583,-0.00656866391889502,0.0276893846313274
"749","LabID:Analyte","#2:NPYR-#3:NMOR",0,-0.244683571428572,-0.409636692436506,-0.0797304504206377,1.69937931191466e-05
"750","LabID:Analyte","#3:NPYR-#3:NMOR",0,-0.28808,-0.428752494255942,-0.147407505744059,9.22583121010234e-11
"751","LabID:Analyte","#5:NPYR-#3:NMOR",0,-0.0979954464285719,-0.262948567436506,0.0669576745793624,0.936707149459882
"752","LabID:Analyte","#6:NPYR-#3:NMOR",0,-0.335068571428572,-0.500021692436506,-0.170115450420637,1.3505863094565e-10
"753","LabID:Analyte","#6:NMOR-#5:NMOR",0,-0.237661875,-0.423754093054191,-0.0515696569458088,0.000750192424455287
"754","LabID:Analyte","#1:NPIP-#5:NMOR",0,-0.189878541666667,-0.359756717674085,-0.0200003656592491,0.00978114620124626
"755","LabID:Analyte","#2:NPIP-#5:NMOR",0,-0.210974375,-0.397066593054191,-0.0248821569458087,0.00769165194141519
"756","LabID:Analyte","#3:NPIP-#5:NMOR",0,-0.344524732142857,-0.509477853150791,-0.179571611134923,3.60912411068171e-11
"757","LabID:Analyte","#5:NPIP-#5:NMOR",0,-0.0552462499999997,-0.241338468054191,0.130845968054191,0.999999973571628
"758","LabID:Analyte","#6:NPIP-#5:NMOR",0,-0.272661875,-0.458754093054191,-0.0865696569458085,2.4138116815009e-05
"759","LabID:Analyte","#1:NPYR-#5:NMOR",0,-0.131578541666667,-0.301456717674085,0.0382996343407509,0.468061674008276
"760","LabID:Analyte","#2:NPYR-#5:NMOR",0,-0.223276875,-0.409369093054191,-0.0371846569458088,0.00272746831173643
"761","LabID:Analyte","#3:NPYR-#5:NMOR",0,-0.266673303571428,-0.431626424579363,-0.101720182563494,1.18220057343521e-06
"762","LabID:Analyte","#5:NPYR-#5:NMOR",0,-0.07658875,-0.262680968054191,0.109503468054191,0.999880715261267
"763","LabID:Analyte","#6:NPYR-#5:NMOR",0,-0.313661875,-0.499754093054191,-0.127569656945809,2.82283483254986e-07
"764","LabID:Analyte","#1:NPIP-#6:NMOR",0,0.0477833333333332,-0.122094842674085,0.217661509340751,0.999999994599673
"765","LabID:Analyte","#2:NPIP-#6:NMOR",0,0.0266875000000001,-0.159404718054191,0.212779718054191,1
"766","LabID:Analyte","#3:NPIP-#6:NMOR",0,-0.106862857142857,-0.271815978150791,0.0580902638650774,0.842659411078031
"767","LabID:Analyte","#5:NPIP-#6:NMOR",0,0.182415625,-0.00367659305419091,0.368507843054191,0.0640127300961673
"768","LabID:Analyte","#6:NPIP-#6:NMOR",0,-0.0349999999999997,-0.221092218054191,0.151092218054192,1
"769","LabID:Analyte","#1:NPYR-#6:NMOR",0,0.106083333333333,-0.0637948426740845,0.275961509340751,0.890166434060226
"770","LabID:Analyte","#2:NPYR-#6:NMOR",0,0.014385,-0.171707218054191,0.200477218054191,1
"771","LabID:Analyte","#3:NPYR-#6:NMOR",0,-0.0290114285714285,-0.193964549579363,0.135941692436506,1
"772","LabID:Analyte","#5:NPYR-#6:NMOR",0,0.161073125,-0.0250190930541912,0.347165343054191,0.224031090289432
"773","LabID:Analyte","#6:NPYR-#6:NMOR",0,-0.0759999999999997,-0.262092218054191,0.110092218054191,0.99989949732525
"774","LabID:Analyte","#2:NPIP-#1:NPIP",0,-0.0210958333333331,-0.190974009340751,0.148782342674085,1
"775","LabID:Analyte","#3:NPIP-#1:NPIP",0,-0.15464619047619,-0.301062764652534,-0.00822961629984634,0.0236974667653367
"776","LabID:Analyte","#5:NPIP-#1:NPIP",0,0.134632291666667,-0.0352458843407506,0.304510467674085,0.412899041200718
"777","LabID:Analyte","#6:NPIP-#1:NPIP",0,-0.0827833333333329,-0.252661509340751,0.0870948426740848,0.996564446215081
"778","LabID:Analyte","#1:NPYR-#1:NPIP",0,0.0583,-0.0936436597785039,0.210243659778504,0.999976158443912
"779","LabID:Analyte","#2:NPYR-#1:NPIP",0,-0.0333983333333332,-0.203276509340751,0.136479842674085,1
"780","LabID:Analyte","#3:NPYR-#1:NPIP",0,-0.0767947619047616,-0.223211336081105,0.0696218122715821,0.988414297240156
"781","LabID:Analyte","#5:NPYR-#1:NPIP",0,0.113289791666667,-0.0565883843407509,0.283167967674085,0.796719473577905
"782","LabID:Analyte","#6:NPYR-#1:NPIP",0,-0.123783333333333,-0.293661509340751,0.0460948426740848,0.614819686338808
"783","LabID:Analyte","#3:NPIP-#2:NPIP",0,-0.133550357142857,-0.298503478150791,0.0314027638650773,0.363013269998045
"784","LabID:Analyte","#5:NPIP-#2:NPIP",0,0.155728125,-0.030364093054191,0.341820343054191,0.290368640919231
"785","LabID:Analyte","#6:NPIP-#2:NPIP",0,-0.0616874999999998,-0.247779718054191,0.124404718054191,0.999999421037224
"786","LabID:Analyte","#1:NPYR-#2:NPIP",0,0.0793958333333331,-0.0904823426740846,0.249274009340751,0.998391999339657
"787","LabID:Analyte","#2:NPYR-#2:NPIP",0,-0.0123025000000001,-0.198394718054191,0.173789718054191,1
"788","LabID:Analyte","#3:NPYR-#2:NPIP",0,-0.0556989285714286,-0.220652049579363,0.109254192436506,0.999999050997755
"789","LabID:Analyte","#5:NPYR-#2:NPIP",0,0.134385625,-0.0517065930541913,0.320477843054191,0.635532974478898
"790","LabID:Analyte","#6:NPYR-#2:NPIP",0,-0.1026875,-0.288779718054191,0.0834047180541914,0.975537793997679
"791","LabID:Analyte","#5:NPIP-#3:NPIP",0,0.289278482142857,0.124325361134923,0.454231603150792,6.61269493607008e-08
"792","LabID:Analyte","#6:NPIP-#3:NPIP",0,0.0718628571428572,-0.0930902638650771,0.236815978150792,0.99959739483768
"793","LabID:Analyte","#1:NPYR-#3:NPIP",0,0.21294619047619,0.0665296162998464,0.359362764652534,2.97051089985789e-05
"794","LabID:Analyte","#2:NPYR-#3:NPIP",0,0.121247857142857,-0.0437052638650774,0.286200978150791,0.59436995061941
"795","LabID:Analyte","#3:NPYR-#3:NPIP",0,0.0778514285714285,-0.0628210656845127,0.21852392282737,0.974522391352619
"796","LabID:Analyte","#5:NPYR-#3:NPIP",0,0.267935982142857,0.102982861134923,0.432889103150791,1.00996301044542e-06
"797","LabID:Analyte","#6:NPYR-#3:NPIP",0,0.0308628571428572,-0.134090263865077,0.195815978150791,1
"798","LabID:Analyte","#6:NPIP-#5:NPIP",0,-0.217415625,-0.403507843054191,-0.0313234069458088,0.00450659207180082
"799","LabID:Analyte","#1:NPYR-#5:NPIP",0,-0.0763322916666671,-0.246210467674085,0.0935458843407506,0.999247325421343
"800","LabID:Analyte","#2:NPYR-#5:NPIP",0,-0.168030625,-0.354122843054192,0.0180615930541909,0.154444623516562
"801","LabID:Analyte","#3:NPYR-#5:NPIP",0,-0.211427053571429,-0.376380174579363,-0.0464739325634945,0.000692768394639498
"802","LabID:Analyte","#5:NPYR-#5:NPIP",0,-0.0213425000000003,-0.207434718054191,0.164749718054191,1
"803","LabID:Analyte","#6:NPYR-#5:NPIP",0,-0.258415625,-0.444507843054191,-0.0723234069458088,0.000102354844180197
"804","LabID:Analyte","#1:NPYR-#6:NPIP",0,0.141083333333333,-0.0287948426740848,0.310961509340751,0.306475064516212
"805","LabID:Analyte","#2:NPYR-#6:NPIP",0,0.0493849999999997,-0.136707218054192,0.235477218054191,0.999999999074485
"806","LabID:Analyte","#3:NPYR-#6:NPIP",0,0.00598857142857123,-0.158964549579363,0.170941692436506,1
"807","LabID:Analyte","#5:NPYR-#6:NPIP",0,0.196073125,0.00998090694580853,0.382165343054191,0.0245543094808669
"808","LabID:Analyte","#6:NPYR-#6:NPIP",0,-0.041,-0.227092218054191,0.145092218054191,1
"809","LabID:Analyte","#2:NPYR-#1:NPYR",0,-0.0916983333333332,-0.261576509340751,0.0781798426740845,0.982146439497679
"810","LabID:Analyte","#3:NPYR-#1:NPYR",0,-0.135094761904762,-0.281511336081105,0.0113218122715821,0.125055901685274
"811","LabID:Analyte","#5:NPYR-#1:NPYR",0,0.0549897916666668,-0.114888384340751,0.224867967674085,0.999999696622541
"812","LabID:Analyte","#6:NPYR-#1:NPYR",0,-0.182083333333333,-0.351961509340751,-0.0122051573259152,0.0190449425403734
"813","LabID:Analyte","#3:NPYR-#2:NPYR",0,-0.0433964285714284,-0.208349549579363,0.121556692436506,0.999999999291832
"814","LabID:Analyte","#5:NPYR-#2:NPYR",0,0.146688125,-0.0394040930541912,0.332780343054191,0.425771300390137
"815","LabID:Analyte","#6:NPYR-#2:NPYR",0,-0.0903849999999997,-0.276477218054191,0.0957072180541915,0.996759155288628
"816","LabID:Analyte","#5:NPYR-#3:NPYR",0,0.190084553571429,0.0251314325634942,0.355037674579363,0.00578032242416027
"817","LabID:Analyte","#6:NPYR-#3:NPYR",0,-0.0469885714285713,-0.211941692436506,0.117964549579363,0.99999999213118
"818","LabID:Analyte","#6:NPYR-#5:NPYR",0,-0.237073125,-0.423165343054191,-0.0509809069458086,0.000792103604603356
